datacreationdate,sitename,aqi_2,calc_AQI
2024-10-16,三義,46.042,51.951
2024-10-17,三義,39.042,33.68
2024-10-18,三義,70.625,46.991
2024-10-19,三義,58.417,55.554
2024-10-20,三義,35.208,48.446
2024-10-21,三義,32.75,26.054
2024-10-22,三義,28.667,29.346
2024-10-23,三義,36.708,18.475
2024-10-24,三義,40.25,26.947
2024-10-25,三義,35.833,15.869
2024-10-26,三義,50.375,26.442
2024-10-27,三義,40.167,47.539
2024-10-28,三義,30.208,32.687
2024-10-29,三義,38.875,33.809
2024-10-30,三義,41.583,28.882
2024-10-31,三義,27.208,18.862
2024-11-01,三義,31.583,9.47
2024-11-02,三義,29.25,23.548
2024-11-03,三義,36.583,29.691
2024-11-04,三義,39.667,40.16
2024-11-05,三義,41.417,34.623
2024-11-06,三義,43.167,31.086
2024-11-07,三義,39.5,23.152
2024-11-08,三義,34.042,23.509
2024-11-09,三義,27.333,22.58
2024-11-10,三義,23.292,20.976
2024-11-11,三義,27.917,24.041
2024-11-12,三義,20.5,29.801
2024-11-13,三義,56.708,23.905
2024-11-14,三義,86.542,57.729
2024-11-15,三義,82.333,65.66
2024-11-16,三義,41.958,56.23
2024-11-17,三義,24.458,33.86
2024-11-18,三義,35.333,27.731
2024-11-19,三義,28.417,23.688
2024-11-20,三義,27.083,19.538
2024-11-21,三義,28.333,23.401
2024-11-22,三義,33.667,20.213
2024-11-23,三義,40.458,24.994
2024-11-24,三義,32.083,37.564
2024-11-25,三義,49.917,29.354
2024-11-26,三義,32.875,52.869
2024-11-27,三義,38.167,29.93
2024-11-28,三義,38.708,39.682
2024-11-29,三義,45.333,41.177
2024-10-16,中山,28.292,24.834
2024-10-17,中山,37.917,25.152
2024-10-18,中山,40.958,24.871
2024-10-19,中山,29.167,41.294
2024-10-20,中山,33.917,24.316
2024-10-21,中山,32.375,31.558
2024-10-22,中山,33.167,29.654
2024-10-23,中山,47.0,32.487
2024-10-24,中山,32.583,37.459
2024-10-25,中山,27.167,31.816
2024-10-26,中山,19.292,23.222
2024-10-27,中山,18.625,22.491
2024-10-28,中山,29.958,23.464
2024-10-29,中山,40.417,31.724
2024-10-30,中山,33.917,38.104
2024-10-31,中山,27.125,30.455
2024-11-01,中山,35.917,20.134
2024-11-02,中山,30.958,32.297
2024-11-03,中山,54.375,28.818
2024-11-04,中山,36.583,44.799
2024-11-05,中山,43.667,32.709
2024-11-06,中山,43.167,45.413
2024-11-07,中山,33.583,39.214
2024-11-08,中山,32.375,29.655
2024-11-09,中山,24.167,28.14
2024-11-10,中山,24.833,26.688
2024-11-11,中山,27.208,25.698
2024-11-12,中山,26.542,25.944
2024-11-13,中山,25.917,25.641
2024-11-14,中山,14.333,25.185
2024-11-15,中山,93.375,22.509
2024-11-16,中山,37.833,51.858
2024-11-17,中山,22.917,26.592
2024-11-18,中山,34.5,29.518
2024-11-19,中山,31.875,33.111
2024-11-20,中山,29.375,27.683
2024-11-21,中山,31.667,26.806
2024-11-22,中山,35.042,26.253
2024-11-23,中山,51.083,30.157
2024-11-24,中山,31.792,37.774
2024-11-25,中山,38.667,28.535
2024-11-26,中山,40.667,42.502
2024-11-27,中山,46.292,36.654
2024-11-28,中山,47.75,45.836
2024-11-29,中山,44.417,46.956
2024-10-16,二林,53.667,62.806
2024-10-17,二林,60.958,47.339
2024-10-18,二林,75.458,63.182
2024-10-19,二林,73.208,54.18
2024-10-20,二林,47.042,55.668
2024-10-21,二林,41.333,41.585
2024-10-22,二林,51.208,42.699
2024-10-23,二林,67.958,31.372
2024-10-24,二林,44.417,31.46
2024-10-25,二林,38.917,26.296
2024-10-26,二林,52.958,32.356
2024-10-27,二林,59.417,45.809
2024-10-28,二林,33.875,58.368
2024-10-29,二林,44.833,31.17
2024-10-30,二林,44.208,44.732
2024-10-31,二林,31.417,32.049
2024-11-01,二林,37.292,14.859
2024-11-02,二林,39.292,46.822
2024-11-03,二林,55.667,53.86
2024-11-04,二林,60.458,62.123
2024-11-05,二林,47.292,59.001
2024-11-06,二林,44.583,52.532
2024-11-07,二林,42.167,37.083
2024-11-08,二林,36.25,43.187
2024-11-09,二林,30.167,35.54
2024-11-10,二林,29.042,41.064
2024-11-11,二林,34.292,34.422
2024-11-12,二林,35.75,43.129
2024-11-13,二林,68.583,49.813
2024-11-14,二林,73.208,73.136
2024-11-15,二林,84.917,77.953
2024-11-16,二林,40.75,66.884
2024-11-17,二林,25.958,36.389
2024-11-18,二林,34.833,27.639
2024-11-19,二林,29.5,25.863
2024-11-20,二林,30.5,29.01
2024-11-21,二林,25.542,29.489
2024-11-22,二林,30.625,20.882
2024-11-23,二林,43.708,30.692
2024-11-24,二林,33.75,53.45
2024-11-25,二林,54.0,55.389
2024-11-26,二林,33.5,65.362
2024-11-27,二林,50.625,39.578
2024-11-28,二林,46.75,46.058
2024-11-29,二林,53.542,54.393
2024-10-16,仁武,71.167,56.956
2024-10-17,仁武,67.417,56.659
2024-10-18,仁武,68.417,59.678
2024-10-19,仁武,91.917,59.781
2024-10-20,仁武,69.667,63.537
2024-10-21,仁武,64.917,60.33
2024-10-22,仁武,74.458,59.143
2024-10-23,仁武,68.083,65.03
2024-10-24,仁武,50.875,65.8
2024-10-25,仁武,49.958,61.783
2024-10-26,仁武,69.708,59.336
2024-10-27,仁武,44.083,60.74
2024-10-28,仁武,33.167,55.083
2024-10-29,仁武,62.875,51.678
2024-10-30,仁武,69.083,61.263
2024-10-31,仁武,40.917,68.377
2024-11-01,仁武,63.542,55.477
2024-11-02,仁武,59.792,71.741
2024-11-03,仁武,75.667,65.866
2024-11-04,仁武,85.208,70.786
2024-11-05,仁武,75.25,72.573
2024-11-06,仁武,69.917,68.308
2024-11-07,仁武,64.292,68.502
2024-11-08,仁武,64.083,67.557
2024-11-09,仁武,85.458,62.756
2024-11-10,仁武,79.75,70.377
2024-11-11,仁武,77.958,68.735
2024-11-12,仁武,85.292,71.877
2024-11-13,仁武,74.958,66.326
2024-11-14,仁武,78.833,74.673
2024-11-15,仁武,125.542,77.354
2024-11-16,仁武,51.958,78.621
2024-11-17,仁武,54.792,65.352
2024-11-18,仁武,60.458,71.74
2024-11-19,仁武,67.208,71.44
2024-11-20,仁武,70.792,76.625
2024-11-21,仁武,73.542,83.196
2024-11-22,仁武,66.25,84.737
2024-11-23,仁武,84.667,85.542
2024-11-24,仁武,96.458,88.646
2024-11-25,仁武,74.292,89.878
2024-11-26,仁武,68.417,82.764
2024-11-27,仁武,70.5,79.588
2024-11-28,仁武,61.458,82.144
2024-11-29,仁武,56.875,80.756
2024-10-16,冬山,20.958,29.193
2024-10-17,冬山,23.708,19.974
2024-10-18,冬山,25.167,21.537
2024-10-19,冬山,26.042,22.983
2024-10-20,冬山,38.167,25.079
2024-10-21,冬山,28.208,27.579
2024-10-22,冬山,27.167,18.251
2024-10-23,冬山,38.542,25.219
2024-10-24,冬山,36.667,34.918
2024-10-25,冬山,29.208,14.614
2024-10-26,冬山,17.792,15.061
2024-10-27,冬山,20.25,14.532
2024-10-28,冬山,29.333,18.161
2024-10-29,冬山,37.125,21.193
2024-10-30,冬山,33.167,25.023
2024-10-31,冬山,34.625,18.662
2024-11-01,冬山,31.917,18.901
2024-11-02,冬山,27.125,21.482
2024-11-03,冬山,44.0,22.525
2024-11-04,冬山,33.542,36.198
2024-11-05,冬山,35.25,28.439
2024-11-06,冬山,36.75,31.321
2024-11-07,冬山,27.625,25.279
2024-11-08,冬山,27.833,16.938
2024-11-09,冬山,20.917,16.65
2024-11-10,冬山,28.0,15.139
2024-11-11,冬山,27.417,14.928
2024-11-12,冬山,20.5,17.508
2024-11-13,冬山,19.25,13.592
2024-11-14,冬山,14.542,16.057
2024-11-15,冬山,11.833,14.037
2024-11-16,冬山,22.083,9.432
2024-11-17,冬山,24.0,16.809
2024-11-18,冬山,33.875,13.684
2024-11-19,冬山,29.292,24.364
2024-11-20,冬山,28.75,17.671
2024-11-21,冬山,33.417,14.649
2024-11-22,冬山,32.875,17.441
2024-11-23,冬山,37.25,18.189
2024-11-24,冬山,31.583,23.573
2024-11-25,冬山,25.125,13.088
2024-11-26,冬山,25.958,18.453
2024-11-27,冬山,38.083,25.388
2024-11-28,冬山,32.083,34.981
2024-11-29,冬山,38.625,29.347
2024-10-16,前金,44.917,62.489
2024-10-17,前金,54.375,60.717
2024-10-18,前金,54.667,63.321
2024-10-19,前金,80.458,56.079
2024-10-20,前金,64.375,58.294
2024-10-21,前金,61.625,66.267
2024-10-22,前金,61.333,63.055
2024-10-23,前金,71.417,63.319
2024-10-24,前金,57.917,70.467
2024-10-25,前金,41.625,54.565
2024-10-26,前金,58.75,52.139
2024-10-27,前金,38.958,64.051
2024-10-28,前金,25.625,60.1
2024-10-29,前金,59.333,53.916
2024-10-30,前金,65.333,75.194
2024-10-31,前金,41.917,77.558
2024-11-01,前金,67.25,62.385
2024-11-02,前金,64.333,89.019
2024-11-03,前金,64.5,71.495
2024-11-04,前金,71.083,79.103
2024-11-05,前金,75.458,82.614
2024-11-06,前金,69.625,83.079
2024-11-07,前金,61.417,85.609
2024-11-08,前金,66.417,82.491
2024-11-09,前金,77.667,79.444
2024-11-10,前金,74.208,87.772
2024-11-11,前金,84.417,82.982
2024-11-12,前金,82.5,98.242
2024-11-13,前金,63.292,85.971
2024-11-14,前金,66.792,93.585
2024-11-15,前金,123.042,90.31
2024-11-16,前金,41.25,94.723
2024-11-17,前金,52.625,70.279
2024-11-18,前金,60.375,86.504
2024-11-19,前金,58.333,77.805
2024-11-20,前金,67.625,91.485
2024-11-21,前金,76.125,95.396
2024-11-22,前金,58.5,88.443
2024-11-23,前金,76.667,111.655
2024-11-24,前金,86.75,107.432
2024-11-25,前金,65.083,103.213
2024-11-26,前金,66.667,92.351
2024-11-27,前金,70.958,82.474
2024-11-28,前金,62.542,93.984
2024-11-29,前金,62.0,87.091
2024-10-16,南投,75.083,61.194
2024-10-17,南投,75.0,60.334
2024-10-18,南投,83.0,62.006
2024-10-19,南投,75.625,68.573
2024-10-20,南投,49.0,62.105
2024-10-21,南投,40.75,55.168
2024-10-22,南投,47.25,53.216
2024-10-23,南投,28.958,44.022
2024-10-24,南投,28.5,41.161
2024-10-25,南投,38.25,36.424
2024-10-26,南投,56.5,41.551
2024-10-27,南投,60.5,43.786
2024-10-28,南投,40.0,52.778
2024-10-29,南投,35.208,41.865
2024-10-30,南投,34.917,56.367
2024-10-31,南投,19.625,43.807
2024-11-01,南投,35.75,19.413
2024-11-02,南投,47.167,34.267
2024-11-03,南投,45.208,56.116
2024-11-04,南投,64.958,51.37
2024-11-05,南投,40.125,60.359
2024-11-06,南投,38.5,49.583
2024-11-07,南投,33.625,43.186
2024-11-08,南投,30.208,45.204
2024-11-09,南投,38.667,37.787
2024-11-10,南投,44.792,34.534
2024-11-11,南投,36.208,31.514
2024-11-12,南投,54.917,48.065
2024-11-13,南投,77.0,47.231
2024-11-14,南投,99.75,67.301
2024-11-15,南投,122.208,73.842
2024-11-16,南投,69.792,82.912
2024-11-17,南投,26.167,52.567
2024-11-18,南投,25.875,45.89
2024-11-19,南投,28.583,42.752
2024-11-20,南投,26.125,39.064
2024-11-21,南投,26.667,41.407
2024-11-22,南投,25.583,38.145
2024-11-23,南投,40.333,46.552
2024-11-24,南投,52.875,58.043
2024-11-25,南投,68.25,59.039
2024-11-26,南投,45.458,61.583
2024-11-27,南投,43.5,53.045
2024-11-28,南投,46.417,63.512
2024-11-29,南投,54.125,57.244
2024-10-16,古亭,33.292,26.575
2024-10-17,古亭,31.875,26.967
2024-10-18,古亭,36.708,27.554
2024-10-19,古亭,21.75,37.128
2024-10-20,古亭,34.583,28.799
2024-10-21,古亭,31.542,29.82
2024-10-22,古亭,30.625,29.06
2024-10-23,古亭,44.083,29.972
2024-10-24,古亭,35.708,34.049
2024-10-25,古亭,27.208,29.096
2024-10-26,古亭,19.292,21.447
2024-10-27,古亭,20.083,17.413
2024-10-28,古亭,35.208,19.963
2024-10-29,古亭,44.25,25.882
2024-10-30,古亭,38.625,33.85
2024-10-31,古亭,29.167,33.388
2024-11-01,古亭,33.0,19.792
2024-11-02,古亭,26.25,34.278
2024-11-03,古亭,50.833,30.377
2024-11-04,古亭,39.625,38.525
2024-11-05,古亭,42.208,36.92
2024-11-06,古亭,38.875,39.449
2024-11-07,古亭,33.375,37.505
2024-11-08,古亭,34.458,32.182
2024-11-09,古亭,28.333,28.645
2024-11-10,古亭,28.042,24.803
2024-11-11,古亭,27.5,23.948
2024-11-12,古亭,29.125,25.049
2024-11-13,古亭,28.083,24.423
2024-11-14,古亭,3.5,22.56
2024-11-15,古亭,81.708,15.594
2024-11-16,古亭,31.542,46.885
2024-11-17,古亭,25.208,33.63
2024-11-18,古亭,33.792,30.109
2024-11-19,古亭,31.125,33.235
2024-11-20,古亭,28.417,29.372
2024-11-21,古亭,29.125,27.691
2024-11-22,古亭,34.917,27.137
2024-11-23,古亭,48.125,29.782
2024-11-24,古亭,34.542,34.587
2024-11-25,古亭,39.708,29.346
2024-11-26,古亭,37.75,39.515
2024-11-27,古亭,41.875,39.815
2024-11-28,古亭,41.625,38.68
2024-11-29,古亭,45.833,41.048
2024-10-16,善化,68.25,56.524
2024-10-17,善化,68.667,62.523
2024-10-18,善化,69.708,66.562
2024-10-19,善化,88.417,60.641
2024-10-20,善化,66.625,60.753
2024-10-21,善化,53.125,62.751
2024-10-22,善化,61.625,63.638
2024-10-23,善化,56.083,62.244
2024-10-24,善化,39.917,55.243
2024-10-25,善化,34.25,60.329
2024-10-26,善化,53.833,55.128
2024-10-27,善化,63.208,55.511
2024-10-28,善化,35.333,59.848
2024-10-29,善化,51.583,45.511
2024-10-30,善化,48.833,67.199
2024-10-31,善化,34.833,64.187
2024-11-01,善化,49.458,45.051
2024-11-02,善化,61.208,74.029
2024-11-03,善化,67.708,64.634
2024-11-04,善化,81.542,73.569
2024-11-05,善化,63.458,72.601
2024-11-06,善化,53.083,63.233
2024-11-07,善化,48.833,72.304
2024-11-08,善化,48.875,64.048
2024-11-09,善化,68.958,58.022
2024-11-10,善化,83.333,65.725
2024-11-11,善化,70.542,58.734
2024-11-12,善化,59.125,60.639
2024-11-13,善化,60.75,42.729
2024-11-14,善化,65.458,62.556
2024-11-15,善化,118.25,66.027
2024-11-16,善化,64.667,62.683
2024-11-17,善化,47.25,35.323
2024-11-18,善化,38.0,54.988
2024-11-19,善化,41.0,57.644
2024-11-20,善化,49.958,54.314
2024-11-21,善化,52.75,57.72
2024-11-22,善化,42.417,60.237
2024-11-23,善化,61.042,64.057
2024-11-24,善化,69.5,71.643
2024-11-25,善化,58.25,66.139
2024-11-26,善化,55.75,63.204
2024-11-27,善化,56.792,62.615
2024-11-28,善化,48.0,69.28
2024-11-29,善化,55.0,69.314
2024-10-16,嘉義,71.333,60.507
2024-10-17,嘉義,75.583,68.213
2024-10-18,嘉義,75.958,67.975
2024-10-19,嘉義,80.375,65.054
2024-10-20,嘉義,56.333,60.867
2024-10-21,嘉義,53.208,62.009
2024-10-22,嘉義,64.917,58.422
2024-10-23,嘉義,45.75,60.99
2024-10-24,嘉義,34.917,57.025
2024-10-25,嘉義,34.625,38.11
2024-10-26,嘉義,58.292,54.089
2024-10-27,嘉義,71.417,33.639
2024-10-28,嘉義,37.083,64.353
2024-10-29,嘉義,47.958,42.371
2024-10-30,嘉義,47.042,64.273
2024-10-31,嘉義,24.708,53.72
2024-11-01,嘉義,39.625,18.885
2024-11-02,嘉義,56.292,58.918
2024-11-03,嘉義,59.167,62.789
2024-11-04,嘉義,83.25,70.334
2024-11-05,嘉義,54.292,73.153
2024-11-06,嘉義,47.5,55.462
2024-11-07,嘉義,41.333,60.337
2024-11-08,嘉義,43.458,58.426
2024-11-09,嘉義,66.875,49.148
2024-11-10,嘉義,69.625,74.099
2024-11-11,嘉義,59.917,48.218
2024-11-12,嘉義,65.708,66.552
2024-11-13,嘉義,77.125,61.663
2024-11-14,嘉義,92.625,71.042
2024-11-15,嘉義,132.458,93.266
2024-11-16,嘉義,78.083,66.971
2024-11-17,嘉義,41.583,59.509
2024-11-18,嘉義,37.292,56.275
2024-11-19,嘉義,39.875,52.723
2024-11-20,嘉義,49.917,58.089
2024-11-21,嘉義,44.0,51.871
2024-11-22,嘉義,37.958,47.471
2024-11-23,嘉義,60.417,58.794
2024-11-24,嘉義,71.667,66.753
2024-11-25,嘉義,70.5,72.396
2024-11-26,嘉義,53.75,63.212
2024-11-27,嘉義,55.792,55.04
2024-11-28,嘉義,49.667,66.018
2024-11-29,嘉義,59.167,61.492
2024-10-16,土城,25.083,15.413
2024-10-17,土城,22.125,15.037
2024-10-18,土城,37.583,16.219
2024-10-19,土城,19.792,25.673
2024-10-20,土城,35.5,16.665
2024-10-21,土城,27.75,19.814
2024-10-22,土城,33.292,20.765
2024-10-23,土城,36.625,22.249
2024-10-24,土城,36.333,27.422
2024-10-25,土城,28.625,20.491
2024-10-26,土城,19.875,15.556
2024-10-27,土城,20.875,17.378
2024-10-28,土城,30.417,14.873
2024-10-29,土城,37.542,19.27
2024-10-30,土城,36.292,27.226
2024-10-31,土城,29.583,21.422
2024-11-01,土城,25.042,13.547
2024-11-02,土城,25.875,17.671
2024-11-03,土城,43.917,17.663
2024-11-04,土城,36.083,30.493
2024-11-05,土城,40.0,25.07
2024-11-06,土城,39.542,30.607
2024-11-07,土城,34.208,27.388
2024-11-08,土城,33.042,20.991
2024-11-09,土城,28.333,18.966
2024-11-10,土城,29.167,15.826
2024-11-11,土城,28.792,15.157
2024-11-12,土城,27.0,16.395
2024-11-13,土城,26.708,16.097
2024-11-14,土城,18.458,14.351
2024-11-15,土城,122.042,17.581
2024-11-16,土城,92.875,66.506
2024-11-17,土城,25.792,31.784
2024-11-18,土城,32.708,18.82
2024-11-19,土城,31.042,24.419
2024-11-20,土城,31.708,22.679
2024-11-21,土城,31.792,21.641
2024-11-22,土城,32.75,21.201
2024-11-23,土城,42.25,24.356
2024-11-24,土城,36.375,30.811
2024-11-25,土城,40.708,23.647
2024-11-26,土城,37.625,39.72
2024-11-27,土城,40.458,30.213
2024-11-28,土城,38.333,35.625
2024-11-29,土城,46.0,38.016
2024-10-17,基隆,27.5,20.864
2024-10-18,基隆,18.25,23.151
2024-10-19,基隆,18.167,23.927
2024-10-20,基隆,41.833,21.395
2024-10-21,基隆,37.708,28.463
2024-10-22,基隆,37.542,23.983
2024-10-23,基隆,43.042,26.77
2024-10-24,基隆,42.792,30.409
2024-10-25,基隆,31.375,20.288
2024-10-26,基隆,19.583,14.215
2024-10-27,基隆,21.542,14.633
2024-10-28,基隆,39.042,18.939
2024-10-29,基隆,46.625,27.609
2024-10-30,基隆,44.958,30.068
2024-10-31,基隆,30.792,23.622
2024-11-01,基隆,13.417,13.173
2024-11-02,基隆,29.583,31.843
2024-11-03,基隆,48.292,34.331
2024-11-04,基隆,32.292,43.068
2024-11-05,基隆,47.375,27.183
2024-11-06,基隆,44.583,38.353
2024-11-07,基隆,41.522,23.191
2024-11-08,基隆,36.833,22.403
2024-11-09,基隆,32.5,27.229
2024-11-10,基隆,31.708,22.842
2024-11-11,基隆,33.0,23.325
2024-11-12,基隆,35.292,21.353
2024-11-13,基隆,33.333,18.997
2024-11-14,基隆,11.042,16.003
2024-11-15,基隆,18.917,12.171
2024-11-16,基隆,21.917,16.781
2024-11-17,基隆,30.625,23.945
2024-11-18,基隆,38.083,25.051
2024-11-19,基隆,37.75,27.741
2024-11-20,基隆,38.833,22.099
2024-11-21,基隆,38.458,20.262
2024-11-22,基隆,39.583,20.247
2024-11-23,基隆,45.833,25.071
2024-11-24,基隆,36.167,28.494
2024-11-25,基隆,31.125,20.693
2024-11-26,基隆,31.583,27.831
2024-11-27,基隆,41.5,30.462
2024-11-28,基隆,37.792,37.944
2024-11-29,基隆,42.625,40.227
2024-10-16,士林,27.958,14.672
2024-10-17,士林,27.167,14.39
2024-10-18,士林,35.75,14.61
2024-10-19,士林,23.25,29.283
2024-10-20,士林,39.625,13.929
2024-10-21,士林,30.958,16.167
2024-10-22,士林,38.417,14.329
2024-10-23,士林,38.25,15.265
2024-10-24,士林,41.042,16.404
2024-10-25,士林,32.25,12.95
2024-10-26,士林,21.042,12.012
2024-10-27,士林,25.125,10.132
2024-10-28,士林,34.042,13.05
2024-10-29,士林,42.875,16.238
2024-10-30,士林,40.875,21.287
2024-10-31,士林,32.292,14.4
2024-11-01,士林,28.0,12.171
2024-11-02,士林,28.208,20.219
2024-11-03,士林,47.125,22.972
2024-11-04,士林,41.417,33.191
2024-11-05,士林,45.458,20.631
2024-11-06,士林,43.792,25.234
2024-11-07,士林,39.217,22.922
2024-11-08,士林,35.25,20.562
2024-11-09,士林,27.875,21.14
2024-11-10,士林,27.25,18.458
2024-11-11,士林,32.375,19.526
2024-11-12,士林,33.792,16.607
2024-11-13,士林,31.208,13.875
2024-11-14,士林,12.25,13.244
2024-11-15,士林,64.458,10.597
2024-11-16,士林,32.417,42.47
2024-11-17,士林,26.125,23.682
2024-11-18,士林,37.042,22.509
2024-11-19,士林,36.125,22.804
2024-11-20,士林,35.708,18.911
2024-11-21,士林,33.917,17.089
2024-11-22,士林,37.792,15.656
2024-11-23,士林,45.333,19.811
2024-11-24,士林,39.042,27.089
2024-11-25,士林,39.958,18.449
2024-11-26,士林,32.917,29.563
2024-11-27,士林,41.292,24.052
2024-11-28,士林,40.0,32.563
2024-11-29,士林,39.458,35.811
2024-10-16,大園,27.75,33.265
2024-10-17,大園,39.333,26.105
2024-10-18,大園,46.542,26.797
2024-10-19,大園,58.042,46.557
2024-10-20,大園,43.417,32.487
2024-10-21,大園,33.5,31.403
2024-10-22,大園,37.167,30.084
2024-10-23,大園,50.958,30.736
2024-10-24,大園,36.417,35.248
2024-10-25,大園,31.917,22.447
2024-10-26,大園,60.333,16.703
2024-10-27,大園,41.458,59.537
2024-10-28,大園,36.375,30.612
2024-10-29,大園,47.042,32.791
2024-10-30,大園,38.75,46.645
2024-10-31,大園,33.292,33.427
2024-11-01,大園,29.5,17.201
2024-11-02,大園,33.75,37.755
2024-11-03,大園,59.833,45.311
2024-11-04,大園,40.583,53.436
2024-11-05,大園,52.708,43.122
2024-11-06,大園,44.292,48.343
2024-11-07,大園,34.609,40.619
2024-11-08,大園,34.625,40.661
2024-11-09,大園,33.417,33.094
2024-11-10,大園,30.25,26.521
2024-11-11,大園,28.792,28.844
2024-11-12,大園,29.625,29.67
2024-11-13,大園,30.333,29.178
2024-11-14,大園,53.417,24.889
2024-11-15,大園,107.042,59.451
2024-11-16,大園,53.167,70.988
2024-11-17,大園,28.917,32.827
2024-11-18,大園,39.417,33.148
2024-11-19,大園,30.417,36.211
2024-11-20,大園,32.958,32.519
2024-11-21,大園,32.5,28.062
2024-11-22,大園,34.333,26.136
2024-11-23,大園,47.417,34.101
2024-11-24,大園,33.583,43.378
2024-11-25,大園,37.625,32.801
2024-11-26,大園,35.208,52.538
2024-11-27,大園,50.917,40.72
2024-11-28,大園,45.708,44.743
2024-11-29,大園,51.25,52.646
2024-10-20,大寮,93.625,74.808
2024-10-21,大寮,78.958,70.156
2024-10-22,大寮,79.875,69.733
2024-10-23,大寮,85.667,70.816
2024-10-24,大寮,59.708,77.518
2024-10-25,大寮,49.875,65.181
2024-10-26,大寮,72.708,65.219
2024-10-27,大寮,35.083,59.271
2024-10-28,大寮,24.833,44.751
2024-10-29,大寮,61.375,41.114
2024-10-30,大寮,75.083,62.198
2024-10-31,大寮,37.583,66.123
2024-11-01,大寮,63.542,36.755
2024-11-02,大寮,67.958,65.229
2024-11-03,大寮,80.125,60.075
2024-11-04,大寮,78.125,68.819
2024-11-05,大寮,68.75,64.841
2024-11-06,大寮,72.917,59.673
2024-11-07,大寮,68.458,65.915
2024-11-08,大寮,72.833,68.65
2024-11-09,大寮,87.417,64.811
2024-11-10,大寮,83.292,73.302
2024-11-11,大寮,95.75,64.637
2024-11-12,大寮,76.583,76.598
2024-11-13,大寮,60.125,53.818
2024-11-14,大寮,82.208,61.052
2024-11-15,大寮,99.667,71.7
2024-11-16,大寮,36.333,62.058
2024-11-17,大寮,52.625,51.742
2024-11-18,大寮,58.708,60.357
2024-11-19,大寮,64.0,60.836
2024-11-20,大寮,72.042,65.29
2024-11-21,大寮,81.25,73.249
2024-11-22,大寮,69.167,79.827
2024-11-23,大寮,86.833,76.751
2024-11-24,大寮,96.125,84.419
2024-11-25,大寮,70.917,80.311
2024-11-26,大寮,63.792,68.759
2024-11-27,大寮,66.25,63.928
2024-11-28,大寮,69.958,74.288
2024-11-29,大寮,62.833,76.493
2024-10-16,大里,73.375,63.379
2024-10-17,大里,70.167,61.419
2024-10-18,大里,86.417,69.032
2024-10-19,大里,73.833,69.761
2024-10-20,大里,36.542,61.688
2024-10-21,大里,38.417,46.642
2024-10-22,大里,55.0,57.11
2024-10-23,大里,30.917,42.21
2024-10-24,大里,33.292,36.824
2024-10-25,大里,33.125,35.254
2024-10-26,大里,66.708,44.519
2024-10-27,大里,57.25,45.81
2024-10-28,大里,31.333,52.162
2024-10-29,大里,34.5,33.327
2024-10-30,大里,36.167,34.457
2024-10-31,大里,22.958,32.074
2024-11-01,大里,39.083,12.823
2024-11-02,大里,40.833,42.884
2024-11-03,大里,43.708,42.587
2024-11-04,大里,58.875,46.693
2024-11-05,大里,38.375,56.782
2024-11-06,大里,37.25,40.858
2024-11-07,大里,33.25,30.713
2024-11-08,大里,26.25,38.567
2024-11-09,大里,41.667,27.793
2024-11-10,大里,44.0,37.552
2024-11-11,大里,31.875,32.121
2024-11-12,大里,42.917,38.278
2024-11-13,大里,77.042,46.321
2024-11-14,大里,111.708,77.68
2024-11-15,大里,107.625,79.33
2024-11-16,大里,60.542,71.656
2024-11-17,大里,22.625,45.541
2024-11-18,大里,26.417,29.924
2024-11-19,大里,25.0,29.808
2024-11-20,大里,22.542,34.108
2024-11-21,大里,22.458,25.267
2024-11-22,大里,24.75,18.034
2024-11-23,大里,32.958,27.572
2024-11-24,大里,41.083,46.622
2024-11-25,大里,67.875,45.863
2024-11-26,大里,44.0,57.012
2024-11-27,大里,33.333,30.441
2024-11-28,大里,40.917,48.842
2024-11-29,大里,42.75,52.623
2024-10-16,安南,62.208,35.589
2024-10-17,安南,74.208,52.204
2024-10-18,安南,69.125,58.501
2024-10-19,安南,88.917,56.564
2024-10-20,安南,70.792,52.419
2024-10-21,安南,58.0,55.867
2024-10-22,安南,62.917,58.308
2024-10-23,安南,65.5,56.148
2024-10-24,安南,51.792,61.439
2024-10-25,安南,36.458,53.262
2024-10-26,安南,52.625,44.849
2024-10-27,安南,52.375,44.438
2024-10-28,安南,36.583,45.222
2024-10-29,安南,50.875,38.033
2024-10-30,安南,53.167,58.832
2024-10-31,安南,46.5,58.835
2024-11-01,安南,65.708,33.534
2024-11-02,安南,62.75,63.982
2024-11-03,安南,74.667,61.583
2024-11-04,安南,83.5,64.147
2024-11-05,安南,67.708,66.517
2024-11-06,安南,60.708,58.56
2024-11-07,安南,41.917,63.825
2024-11-08,安南,42.042,54.435
2024-11-09,安南,55.583,51.657
2024-11-10,安南,67.042,52.075
2024-11-11,安南,59.667,52.258
2024-11-12,安南,52.083,53.95
2024-11-13,安南,52.542,44.239
2024-11-14,安南,52.625,65.524
2024-11-15,安南,112.375,61.423
2024-11-16,安南,51.917,58.14
2024-11-17,安南,37.042,44.1
2024-11-18,安南,42.958,52.157
2024-11-19,安南,48.0,54.676
2024-11-20,安南,50.042,54.409
2024-11-21,安南,53.208,54.754
2024-11-22,安南,43.333,57.708
2024-11-23,安南,60.583,60.19
2024-11-24,安南,64.458,65.013
2024-11-25,安南,61.5,61.826
2024-11-26,安南,59.5,58.293
2024-11-27,安南,58.292,57.949
2024-11-28,安南,52.125,65.439
2024-11-29,安南,61.667,62.695
2024-10-16,宜蘭,24.042,22.968
2024-10-17,宜蘭,22.542,20.405
2024-10-18,宜蘭,19.417,19.425
2024-10-19,宜蘭,20.292,16.532
2024-10-20,宜蘭,36.292,20.396
2024-10-21,宜蘭,31.375,29.399
2024-10-22,宜蘭,31.417,20.007
2024-10-23,宜蘭,28.25,26.122
2024-10-24,宜蘭,35.0,20.784
2024-10-25,宜蘭,30.0,16.892
2024-10-26,宜蘭,19.625,20.891
2024-10-27,宜蘭,19.917,15.959
2024-10-28,宜蘭,27.667,15.399
2024-10-29,宜蘭,32.917,14.94
2024-10-30,宜蘭,34.292,22.21
2024-10-31,宜蘭,34.0,20.574
2024-11-01,宜蘭,28.625,36.701
2024-11-02,宜蘭,27.542,22.214
2024-11-03,宜蘭,38.375,20.904
2024-11-04,宜蘭,33.958,31.311
2024-11-05,宜蘭,31.583,26.384
2024-11-06,宜蘭,38.417,28.557
2024-11-07,宜蘭,32.625,26.817
2024-11-08,宜蘭,33.125,19.52
2024-11-09,宜蘭,22.833,17.399
2024-11-10,宜蘭,26.667,13.835
2024-11-11,宜蘭,30.167,14.583
2024-11-12,宜蘭,26.583,19.588
2024-11-13,宜蘭,20.0,19.864
2024-11-14,宜蘭,11.292,17.259
2024-11-15,宜蘭,18.625,14.392
2024-11-16,宜蘭,21.583,16.903
2024-11-17,宜蘭,23.0,19.411
2024-11-18,宜蘭,33.458,16.289
2024-11-19,宜蘭,30.667,27.556
2024-11-20,宜蘭,31.125,18.931
2024-11-21,宜蘭,32.458,18.848
2024-11-22,宜蘭,32.0,18.622
2024-11-23,宜蘭,37.542,20.355
2024-11-24,宜蘭,31.208,26.214
2024-11-25,宜蘭,27.875,19.118
2024-11-26,宜蘭,26.208,22.86
2024-11-27,宜蘭,36.125,25.434
2024-11-28,宜蘭,35.167,33.994
2024-11-29,宜蘭,43.667,33.416
2024-10-16,小港,74.792,68.096
2024-10-17,小港,60.0,67.573
2024-10-18,小港,61.625,69.715
2024-10-19,小港,81.0,63.084
2024-10-20,小港,75.958,69.066
2024-10-21,小港,65.542,65.509
2024-10-22,小港,65.917,70.642
2024-10-23,小港,73.583,71.58
2024-10-24,小港,59.167,79.281
2024-10-25,小港,47.292,70.322
2024-10-26,小港,62.583,59.687
2024-10-27,小港,37.333,58.574
2024-10-28,小港,30.667,41.103
2024-10-29,小港,60.167,42.859
2024-10-30,小港,75.542,69.988
2024-10-31,小港,34.667,72.577
2024-11-01,小港,60.167,41.264
2024-11-02,小港,58.583,70.2
2024-11-03,小港,65.458,55.646
2024-11-04,小港,72.292,67.043
2024-11-05,小港,66.333,69.129
2024-11-06,小港,67.5,68.196
2024-11-07,小港,65.375,69.314
2024-11-08,小港,67.542,71.633
2024-11-09,小港,86.917,65.411
2024-11-10,小港,82.875,75.668
2024-11-11,小港,92.333,66.74
2024-11-12,小港,89.833,79.614
2024-11-13,小港,60.333,71.855
2024-11-14,小港,73.708,67.67
2024-11-15,小港,97.583,76.048
2024-11-16,小港,37.5,67.306
2024-11-17,小港,54.292,52.491
2024-11-18,小港,64.375,64.184
2024-11-19,小港,57.792,67.928
2024-11-20,小港,70.458,76.952
2024-11-21,小港,74.708,81.761
2024-11-22,小港,63.75,79.128
2024-11-23,小港,79.125,79.205
2024-11-24,小港,89.167,78.557
2024-11-25,小港,63.458,76.937
2024-11-26,小港,65.75,66.665
2024-11-27,小港,68.208,70.733
2024-11-28,小港,67.167,79.96
2024-11-29,小港,62.625,76.02
2024-10-16,屏東,72.417,65.904
2024-10-17,屏東,59.5,58.351
2024-10-18,屏東,61.208,62.649
2024-10-19,屏東,83.667,60.621
2024-10-20,屏東,91.625,70.282
2024-10-21,屏東,77.208,69.85
2024-10-22,屏東,60.458,69.266
2024-10-23,屏東,81.708,66.422
2024-10-24,屏東,61.292,74.013
2024-10-25,屏東,42.75,64.226
2024-10-26,屏東,46.875,61.493
2024-10-27,屏東,27.25,55.937
2024-10-28,屏東,25.208,47.128
2024-10-29,屏東,41.625,41.96
2024-10-30,屏東,55.875,57.034
2024-10-31,屏東,25.958,60.605
2024-11-01,屏東,40.875,36.542
2024-11-02,屏東,54.583,58.202
2024-11-03,屏東,67.583,54.734
2024-11-04,屏東,71.375,63.385
2024-11-05,屏東,63.292,65.251
2024-11-06,屏東,77.042,61.351
2024-11-07,屏東,72.583,68.241
2024-11-08,屏東,57.667,71.546
2024-11-09,屏東,72.792,56.618
2024-11-10,屏東,73.458,68.437
2024-11-11,屏東,88.542,63.227
2024-11-12,屏東,68.875,73.923
2024-11-13,屏東,43.458,49.781
2024-11-14,屏東,58.75,59.055
2024-11-15,屏東,83.833,61.95
2024-11-16,屏東,30.458,56.036
2024-11-17,屏東,46.083,46.326
2024-11-18,屏東,53.292,56.958
2024-11-19,屏東,56.5,57.733
2024-11-20,屏東,67.667,62.333
2024-11-21,屏東,67.75,75.165
2024-11-22,屏東,71.583,70.84
2024-11-23,屏東,87.792,76.22
2024-11-24,屏東,94.167,82.263
2024-11-25,屏東,73.292,80.629
2024-11-26,屏東,59.083,72.934
2024-11-27,屏東,70.875,67.102
2024-11-28,屏東,69.292,77.56
2024-11-29,屏東,62.667,79.376
2024-10-16,崙背,57.083,52.999
2024-10-17,崙背,70.292,52.519
2024-10-18,崙背,76.917,52.651
2024-10-19,崙背,75.708,52.671
2024-10-20,崙背,46.208,53.252
2024-10-21,崙背,41.0,53.627
2024-10-22,崙背,63.042,54.259
2024-10-23,崙背,95.25,54.351
2024-10-24,崙背,88.125,55.251
2024-10-25,崙背,38.083,55.831
2024-10-26,崙背,54.708,55.783
2024-10-27,崙背,61.708,55.282
2024-10-28,崙背,39.208,54.568
2024-10-29,崙背,52.792,53.627
2024-10-30,崙背,52.917,53.354
2024-10-31,崙背,82.042,53.61
2024-11-01,崙背,43.375,53.745
2024-11-02,崙背,43.208,54.009
2024-11-03,崙背,61.25,54.285
2024-11-04,崙背,66.625,54.664
2024-11-05,崙背,70.667,55.64
2024-11-06,崙背,70.083,56.794
2024-11-07,崙背,52.792,57.811
2024-11-08,崙背,45.75,57.913
2024-11-09,崙背,44.167,58.025
2024-11-10,崙背,48.708,58.337
2024-11-11,崙背,48.083,57.794
2024-11-12,崙背,47.333,56.822
2024-11-13,崙背,77.667,55.939
2024-11-14,崙背,93.667,54.768
2024-11-15,崙背,99.083,54.198
2024-11-16,崙背,54.75,53.055
2024-11-17,崙背,39.333,51.914
2024-11-18,崙背,86.75,51.621
2024-11-19,崙背,52.375,51.406
2024-11-20,崙背,39.917,51.199
2024-11-21,崙背,64.5,51.171
2024-11-22,崙背,54.208,51.596
2024-11-23,崙背,56.958,52.034
2024-11-24,崙背,47.208,53.119
2024-11-25,崙背,55.75,54.004
2024-11-26,崙背,73.667,54.047
2024-11-27,崙背,82.0,53.859
2024-11-28,崙背,66.125,54.267
2024-11-29,崙背,73.333,54.395
2024-10-16,左營,52.708,60.111
2024-10-17,左營,55.708,59.788
2024-10-18,左營,56.458,61.361
2024-10-19,左營,81.625,60.991
2024-10-20,左營,67.75,61.574
2024-10-21,左營,57.792,62.95
2024-10-22,左營,55.0,61.014
2024-10-23,左營,66.667,63.679
2024-10-24,左營,50.917,65.882
2024-10-25,左營,39.667,63.615
2024-10-26,左營,54.625,58.292
2024-10-27,左營,42.458,58.344
2024-10-28,左營,28.125,54.952
2024-10-29,左營,57.042,47.94
2024-10-30,左營,65.125,55.59
2024-10-31,左營,38.125,62.361
2024-11-01,左營,61.542,57.119
2024-11-02,左營,69.167,67.824
2024-11-03,左營,78.167,68.493
2024-11-04,左營,82.083,68.699
2024-11-05,左營,72.25,69.522
2024-11-06,左營,69.708,66.155
2024-11-07,左營,62.917,66.504
2024-11-08,左營,63.958,65.11
2024-11-09,左營,79.083,61.794
2024-11-10,左營,73.542,66.305
2024-11-11,左營,73.042,66.998
2024-11-12,左營,78.25,68.015
2024-11-13,左營,64.458,59.44
2024-11-14,左營,64.333,67.428
2024-11-15,左營,124.083,69.466
2024-11-16,左營,38.917,71.223
2024-11-17,左營,53.25,63.103
2024-11-18,左營,54.542,64.461
2024-11-19,左營,59.25,61.09
2024-11-20,左營,71.792,62.78
2024-11-21,左營,70.042,68.986
2024-11-22,左營,59.458,73.422
2024-11-23,左營,77.917,75.325
2024-11-24,左營,91.083,76.823
2024-11-25,左營,66.75,80.304
2024-11-26,左營,68.292,75.781
2024-11-27,左營,69.583,74.825
2024-11-28,左營,62.958,75.657
2024-11-29,左營,66.458,76.425
2024-10-16,平鎮,26.292,20.101
2024-10-17,平鎮,27.917,18.389
2024-10-18,平鎮,45.417,21.053
2024-10-19,平鎮,36.25,41.826
2024-10-20,平鎮,32.208,22.338
2024-10-21,平鎮,33.292,27.33
2024-10-22,平鎮,32.625,21.923
2024-10-23,平鎮,32.136,23.446
2024-10-24,平鎮,33.167,23.902
2024-10-25,平鎮,27.667,24.364
2024-10-26,平鎮,55.167,19.093
2024-10-27,平鎮,39.292,51.65
2024-10-28,平鎮,31.5,24.95
2024-10-29,平鎮,39.625,26.865
2024-10-30,平鎮,34.458,35.29
2024-10-31,平鎮,25.625,26.589
2024-11-01,平鎮,21.583,16.674
2024-11-02,平鎮,28.625,30.466
2024-11-03,平鎮,46.625,24.814
2024-11-04,平鎮,37.75,40.123
2024-11-05,平鎮,42.042,27.843
2024-11-06,平鎮,38.167,36.384
2024-11-07,平鎮,35.333,26.638
2024-11-08,平鎮,34.875,21.783
2024-11-09,平鎮,26.958,22.547
2024-11-10,平鎮,24.708,19.654
2024-11-11,平鎮,27.292,21.556
2024-11-12,平鎮,27.417,20.677
2024-11-13,平鎮,26.083,18.236
2024-11-14,平鎮,65.542,17.621
2024-11-15,平鎮,137.292,58.399
2024-11-16,平鎮,68.792,67.621
2024-11-17,平鎮,23.542,34.08
2024-11-18,平鎮,32.0,35.04
2024-11-19,平鎮,29.792,32.115
2024-11-20,平鎮,30.417,23.876
2024-11-21,平鎮,28.5,25.192
2024-11-22,平鎮,32.458,23.644
2024-11-23,平鎮,43.042,27.911
2024-11-24,平鎮,36.333,31.337
2024-11-25,平鎮,44.5,22.118
2024-11-26,平鎮,35.583,55.011
2024-11-27,平鎮,41.208,28.883
2024-11-28,平鎮,41.083,41.196
2024-11-29,平鎮,51.167,43.751
2024-10-16,彰化,65.875,61.124
2024-10-17,彰化,63.583,52.352
2024-10-18,彰化,75.708,59.942
2024-10-19,彰化,60.542,57.352
2024-10-20,彰化,35.875,49.383
2024-10-21,彰化,31.375,32.43
2024-10-22,彰化,42.708,31.488
2024-10-23,彰化,43.292,35.285
2024-10-24,彰化,37.875,35.895
2024-10-25,彰化,34.292,23.712
2024-10-26,彰化,60.083,27.521
2024-10-27,彰化,56.542,49.693
2024-10-28,彰化,32.542,34.101
2024-10-29,彰化,37.708,29.973
2024-10-30,彰化,38.875,41.197
2024-10-31,彰化,25.333,28.045
2024-11-01,彰化,35.625,15.217
2024-11-02,彰化,31.333,47.874
2024-11-03,彰化,44.25,35.426
2024-11-04,彰化,49.583,47.135
2024-11-05,彰化,37.083,38.69
2024-11-06,彰化,38.75,39.333
2024-11-07,彰化,35.458,30.835
2024-11-08,彰化,29.708,29.523
2024-11-09,彰化,25.375,26.017
2024-11-10,彰化,27.833,25.138
2024-11-11,彰化,28.5,20.709
2024-11-12,彰化,30.833,33.279
2024-11-13,彰化,65.292,35.34
2024-11-14,彰化,96.292,72.301
2024-11-15,彰化,93.417,66.928
2024-11-16,彰化,38.458,64.421
2024-11-17,彰化,22.042,33.302
2024-11-18,彰化,29.958,23.152
2024-11-19,彰化,27.042,27.592
2024-11-20,彰化,23.417,21.076
2024-11-21,彰化,25.25,18.248
2024-11-22,彰化,29.667,16.491
2024-11-23,彰化,40.042,22.419
2024-11-24,彰化,32.125,37.939
2024-11-25,彰化,59.833,35.285
2024-11-26,彰化,31.375,54.159
2024-11-27,彰化,38.583,26.198
2024-11-28,彰化,38.167,43.834
2024-11-29,彰化,46.625,44.991
2024-10-16,忠明,61.042,56.858
2024-10-17,忠明,58.375,56.592
2024-10-18,忠明,74.708,61.63
2024-10-19,忠明,61.375,61.914
2024-10-20,忠明,32.333,51.287
2024-10-21,忠明,30.833,34.5
2024-10-22,忠明,45.583,41.128
2024-10-23,忠明,32.667,42.947
2024-10-24,忠明,34.875,38.344
2024-10-25,忠明,33.917,36.441
2024-10-26,忠明,59.167,38.656
2024-10-27,忠明,49.667,49.373
2024-10-28,忠明,27.958,40.765
2024-10-29,忠明,35.167,31.392
2024-10-30,忠明,36.583,44.583
2024-10-31,忠明,23.75,35.732
2024-11-01,忠明,33.5,14.954
2024-11-02,忠明,32.208,31.287
2024-11-03,忠明,36.417,33.686
2024-11-04,忠明,46.042,44.332
2024-11-05,忠明,34.208,51.228
2024-11-06,忠明,37.375,44.357
2024-11-07,忠明,33.542,41.132
2024-11-08,忠明,26.75,33.166
2024-11-09,忠明,23.417,30.804
2024-11-10,忠明,23.917,27.165
2024-11-11,忠明,24.583,22.698
2024-11-12,忠明,26.667,31.031
2024-11-13,忠明,65.917,32.733
2024-11-14,忠明,97.292,69.466
2024-11-15,忠明,101.0,78.287
2024-11-16,忠明,52.417,68.487
2024-11-17,忠明,21.583,39.518
2024-11-18,忠明,27.958,27.559
2024-11-19,忠明,22.042,32.963
2024-11-20,忠明,22.0,31.732
2024-11-21,忠明,24.333,32.394
2024-11-22,忠明,27.375,32.209
2024-11-23,忠明,35.583,35.701
2024-11-24,忠明,31.25,48.037
2024-11-25,忠明,57.667,42.498
2024-11-26,忠明,32.125,57.761
2024-11-27,忠明,35.792,34.466
2024-11-28,忠明,36.333,51.661
2024-11-29,忠明,45.542,53.288
2024-10-18,恆春,21.458,16.078
2024-10-19,恆春,20.0,13.965
2024-10-20,恆春,29.042,13.549
2024-10-21,恆春,32.458,20.674
2024-10-22,恆春,30.917,17.922
2024-10-23,恆春,48.875,21.717
2024-10-24,恆春,40.417,40.027
2024-10-25,恆春,26.833,19.04
2024-10-26,恆春,24.833,17.287
2024-10-27,恆春,37.083,22.193
2024-10-28,恆春,28.75,31.911
2024-10-29,恆春,40.875,18.314
2024-10-30,恆春,41.417,30.925
2024-10-31,恆春,45.792,30.616
2024-11-01,恆春,63.667,32.403
2024-11-02,恆春,52.375,38.357
2024-11-03,恆春,44.5,26.548
2024-11-04,恆春,42.458,25.394
2024-11-05,恆春,43.833,22.301
2024-11-06,恆春,50.375,22.613
2024-11-07,恆春,47.917,26.679
2024-11-08,恆春,41.375,23.379
2024-11-09,恆春,28.75,19.111
2024-11-10,恆春,25.625,16.958
2024-11-11,恆春,34.0,17.091
2024-11-12,恆春,28.5,19.897
2024-11-13,恆春,18.542,13.61
2024-11-14,恆春,13.542,9.35
2024-11-15,恆春,17.0,8.682
2024-11-16,恆春,24.083,13.189
2024-11-17,恆春,30.125,19.312
2024-11-18,恆春,44.417,14.982
2024-11-19,恆春,44.0,29.517
2024-11-20,恆春,38.25,16.362
2024-11-21,恆春,38.5,15.622
2024-11-22,恆春,41.125,16.761
2024-11-23,恆春,45.875,18.131
2024-11-24,恆春,41.917,20.52
2024-11-25,恆春,38.875,13.907
2024-11-26,恆春,31.208,19.36
2024-11-27,恆春,40.208,19.63
2024-11-28,恆春,45.667,24.074
2024-11-29,恆春,46.083,26.308
2024-10-16,斗六,77.292,68.074
2024-10-17,斗六,72.958,69.276
2024-10-18,斗六,83.125,75.094
2024-10-19,斗六,72.833,73.876
2024-10-20,斗六,51.917,61.633
2024-10-21,斗六,48.958,54.502
2024-10-22,斗六,59.792,59.669
2024-10-23,斗六,43.458,56.488
2024-10-24,斗六,34.458,53.767
2024-10-25,斗六,34.5,39.79
2024-10-26,斗六,65.833,45.345
2024-10-27,斗六,67.417,53.12
2024-10-28,斗六,40.667,62.58
2024-10-29,斗六,41.167,45.035
2024-10-30,斗六,44.292,60.572
2024-10-31,斗六,25.208,48.022
2024-11-01,斗六,36.292,14.681
2024-11-02,斗六,56.25,39.975
2024-11-03,斗六,55.667,65.57
2024-11-04,斗六,75.125,58.414
2024-11-05,斗六,50.417,68.23
2024-11-06,斗六,44.167,56.45
2024-11-07,斗六,38.292,55.774
2024-11-08,斗六,42.083,52.117
2024-11-09,斗六,55.792,52.109
2024-11-10,斗六,63.625,54.428
2024-11-11,斗六,52.708,48.746
2024-11-12,斗六,60.75,58.706
2024-11-13,斗六,88.208,63.379
2024-11-14,斗六,113.208,74.208
2024-11-15,斗六,122.958,86.486
2024-11-16,斗六,71.792,79.616
2024-11-17,斗六,33.0,52.972
2024-11-18,斗六,30.042,43.299
2024-11-19,斗六,29.833,42.781
2024-11-20,斗六,37.417,41.89
2024-11-21,斗六,36.042,43.652
2024-11-22,斗六,32.167,42.507
2024-11-23,斗六,59.75,52.966
2024-11-24,斗六,65.208,68.274
2024-11-25,斗六,76.667,64.795
2024-11-26,斗六,50.167,71.103
2024-11-27,斗六,49.042,53.014
2024-11-28,斗六,56.083,71.428
2024-11-29,斗六,62.542,65.249
2024-10-16,新店,26.0,24.824
2024-10-17,新店,32.542,26.597
2024-10-18,新店,36.875,26.523
2024-10-19,新店,31.583,37.699
2024-10-20,新店,35.5,24.594
2024-10-21,新店,32.583,32.263
2024-10-22,新店,36.167,28.858
2024-10-23,新店,47.5,33.499
2024-10-24,新店,37.458,38.576
2024-10-25,新店,31.375,31.316
2024-10-26,新店,23.5,23.766
2024-10-27,新店,27.833,18.597
2024-10-28,新店,36.667,23.119
2024-10-29,新店,43.25,32.233
2024-10-30,新店,37.083,37.88
2024-10-31,新店,28.833,35.356
2024-11-01,新店,31.25,16.164
2024-11-02,新店,27.833,27.388
2024-11-03,新店,57.917,32.214
2024-11-04,新店,40.333,47.349
2024-11-05,新店,44.875,33.695
2024-11-06,新店,44.583,45.658
2024-11-07,新店,33.208,40.75
2024-11-08,新店,34.458,30.562
2024-11-09,新店,23.5,30.24
2024-11-10,新店,25.708,25.939
2024-11-11,新店,25.583,29.0
2024-11-12,新店,24.667,26.144
2024-11-13,新店,25.25,25.684
2024-11-14,新店,21.458,18.569
2024-11-15,新店,93.542,13.841
2024-11-16,新店,47.5,55.397
2024-11-17,新店,25.917,27.938
2024-11-18,新店,36.333,32.335
2024-11-19,新店,30.042,37.875
2024-11-20,新店,26.083,31.792
2024-11-21,新店,28.542,28.267
2024-11-22,新店,32.875,30.704
2024-11-23,新店,52.542,34.575
2024-11-24,新店,33.667,44.245
2024-11-25,新店,41.417,30.958
2024-11-26,新店,49.958,43.059
2024-11-27,新店,52.083,40.418
2024-11-28,新店,45.917,51.208
2024-11-29,新店,48.125,45.781
2024-10-16,新港,49.292,43.052
2024-10-17,新港,62.083,40.079
2024-10-18,新港,77.208,41.188
2024-10-19,新港,69.667,45.791
2024-10-20,新港,45.583,46.142
2024-10-21,新港,41.083,45.405
2024-10-22,新港,58.917,43.729
2024-10-23,新港,62.833,44.558
2024-10-24,新港,51.083,47.951
2024-10-25,新港,37.75,47.081
2024-10-26,新港,53.167,41.988
2024-10-27,新港,55.25,38.888
2024-10-28,新港,38.667,38.474
2024-10-29,新港,43.917,36.484
2024-10-30,新港,43.875,42.739
2024-10-31,新港,39.833,47.071
2024-11-01,新港,40.875,42.18
2024-11-02,新港,46.417,42.372
2024-11-03,新港,58.083,44.139
2024-11-04,新港,68.875,49.894
2024-11-05,新港,59.208,54.032
2024-11-06,新港,47.167,55.234
2024-11-07,新港,44.917,53.995
2024-11-08,新港,36.667,43.111
2024-11-09,新港,44.875,45.032
2024-11-10,新港,50.208,42.464
2024-11-11,新港,44.292,39.635
2024-11-12,新港,45.333,41.524
2024-11-13,新港,66.875,41.0
2024-11-14,新港,72.833,45.618
2024-11-15,新港,97.208,52.208
2024-11-16,新港,51.208,53.919
2024-11-17,新港,39.292,47.5
2024-11-18,新港,45.292,43.536
2024-11-19,新港,30.083,44.407
2024-11-20,新港,34.333,42.716
2024-11-21,新港,48.708,42.224
2024-11-22,新港,40.958,44.749
2024-11-23,新港,52.875,47.312
2024-11-24,新港,50.208,52.409
2024-11-25,新港,55.792,52.434
2024-11-26,新港,55.542,49.86
2024-11-27,新港,63.292,48.313
2024-11-28,新港,50.292,52.648
2024-11-29,新港,55.083,54.823
2024-10-16,新營,71.375,53.941
2024-10-17,新營,68.625,54.658
2024-10-18,新營,76.875,54.63
2024-10-19,新營,85.625,54.339
2024-10-20,新營,49.875,54.205
2024-10-21,新營,45.042,54.208
2024-10-22,新營,61.458,55.045
2024-10-23,新營,60.083,55.66
2024-10-24,新營,45.542,55.946
2024-10-25,新營,31.625,56.789
2024-10-26,新營,53.375,56.659
2024-10-27,新營,60.958,56.392
2024-10-28,新營,29.167,56.398
2024-10-29,新營,44.792,56.452
2024-10-30,新營,46.208,56.508
2024-10-31,新營,31.208,56.66
2024-11-01,新營,44.208,56.945
2024-11-02,新營,51.625,56.561
2024-11-03,新營,58.208,56.574
2024-11-04,新營,75.417,55.695
2024-11-05,新營,60.792,55.44
2024-11-06,新營,49.833,55.703
2024-11-07,新營,44.042,55.831
2024-11-08,新營,43.0,55.527
2024-11-09,新營,56.958,55.668
2024-11-10,新營,67.917,56.845
2024-11-11,新營,51.75,57.765
2024-11-12,新營,51.417,59.126
2024-11-13,新營,67.625,59.732
2024-11-14,新營,67.708,59.633
2024-11-15,新營,113.25,59.389
2024-11-16,新營,67.083,59.752
2024-11-17,新營,41.833,60.865
2024-11-18,新營,38.625,61.107
2024-11-19,新營,33.875,61.105
2024-11-20,新營,41.958,60.594
2024-11-21,新營,48.625,59.887
2024-11-22,新營,41.542,60.102
2024-11-23,新營,61.542,60.721
2024-11-24,新營,62.125,61.124
2024-11-25,新營,60.542,62.52
2024-11-26,新營,59.958,63.663
2024-11-27,新營,62.667,64.479
2024-11-28,新營,56.917,65.538
2024-11-29,新營,63.5,67.61
2024-10-16,新竹,25.5,27.778
2024-10-17,新竹,28.667,20.887
2024-10-18,新竹,35.208,28.634
2024-10-19,新竹,37.292,26.447
2024-10-20,新竹,35.875,27.832
2024-10-21,新竹,32.375,24.117
2024-10-22,新竹,32.625,26.587
2024-10-23,新竹,34.208,24.634
2024-10-24,新竹,36.667,14.782
2024-10-25,新竹,33.833,14.988
2024-10-26,新竹,52.458,23.153
2024-10-27,新竹,47.417,45.01
2024-10-28,新竹,34.583,37.122
2024-10-29,新竹,41.458,30.101
2024-10-30,新竹,38.083,32.408
2024-10-31,新竹,29.875,22.71
2024-11-01,新竹,23.917,11.475
2024-11-02,新竹,26.583,27.952
2024-11-03,新竹,44.125,33.261
2024-11-04,新竹,36.708,47.188
2024-11-05,新竹,41.167,32.862
2024-11-06,新竹,39.875,33.982
2024-11-07,新竹,37.375,23.636
2024-11-08,新竹,37.083,21.156
2024-11-09,新竹,30.833,24.438
2024-11-10,新竹,27.25,21.767
2024-11-11,新竹,31.917,24.83
2024-11-12,新竹,28.958,22.177
2024-11-13,新竹,28.833,22.611
2024-11-14,新竹,67.917,33.379
2024-11-15,新竹,95.25,60.697
2024-11-16,新竹,42.208,64.823
2024-11-17,新竹,26.292,33.81
2024-11-18,新竹,32.417,29.594
2024-11-19,新竹,32.083,28.938
2024-11-20,新竹,31.5,25.263
2024-11-21,新竹,32.167,26.913
2024-11-22,新竹,32.167,22.715
2024-11-23,新竹,43.542,26.641
2024-11-24,新竹,36.292,35.517
2024-11-25,新竹,36.167,26.139
2024-11-26,新竹,28.292,47.638
2024-11-27,新竹,40.042,33.378
2024-11-28,新竹,38.792,45.765
2024-11-29,新竹,43.333,52.473
2024-10-16,新莊,27.708,22.148
2024-10-17,新莊,35.708,20.89
2024-10-18,新莊,52.0,24.252
2024-10-19,新莊,36.0,49.564
2024-10-20,新莊,36.208,23.015
2024-10-21,新莊,33.917,27.248
2024-10-22,新莊,34.833,25.677
2024-10-23,新莊,45.75,26.374
2024-10-24,新莊,32.667,27.491
2024-10-25,新莊,29.0,30.791
2024-10-26,新莊,21.167,19.488
2024-10-27,新莊,21.542,18.574
2024-10-28,新莊,32.375,18.876
2024-10-29,新莊,39.25,23.927
2024-10-30,新莊,36.083,35.737
2024-10-31,新莊,28.708,30.09
2024-11-01,新莊,27.5,16.308
2024-11-02,新莊,33.208,35.525
2024-11-03,新莊,55.167,29.533
2024-11-04,新莊,39.25,39.882
2024-11-05,新莊,45.542,29.693
2024-11-06,新莊,42.583,40.329
2024-11-07,新莊,34.458,34.758
2024-11-08,新莊,34.417,30.731
2024-11-09,新莊,23.667,33.607
2024-11-10,新莊,26.042,30.833
2024-11-11,新莊,27.333,27.692
2024-11-12,新莊,28.042,25.079
2024-11-13,新莊,22.625,19.741
2024-11-14,新莊,21.375,17.626
2024-11-15,新莊,104.0,16.807
2024-11-16,新莊,74.5,66.643
2024-11-17,新莊,21.625,33.904
2024-11-18,新莊,34.125,28.304
2024-11-19,新莊,30.125,30.016
2024-11-20,新莊,31.25,27.688
2024-11-21,新莊,30.042,25.867
2024-11-22,新莊,35.792,28.846
2024-11-23,新莊,50.792,31.739
2024-11-24,新莊,34.917,39.813
2024-11-25,新莊,40.0,29.942
2024-11-26,新莊,36.458,43.907
2024-11-27,新莊,44.625,32.04
2024-11-28,新莊,48.958,40.718
2024-11-29,新莊,56.125,55.216
2024-10-16,朴子,43.917,49.78
2024-10-17,朴子,50.375,45.396
2024-10-18,朴子,62.75,47.707
2024-10-19,朴子,54.667,47.722
2024-10-20,朴子,39.042,46.56
2024-10-21,朴子,37.333,45.608
2024-10-22,朴子,59.125,45.926
2024-10-23,朴子,74.083,42.909
2024-10-24,朴子,67.75,48.77
2024-10-25,朴子,36.583,46.787
2024-10-26,朴子,55.833,40.022
2024-10-27,朴子,48.833,37.277
2024-10-28,朴子,37.0,39.152
2024-10-29,朴子,43.792,37.025
2024-10-30,朴子,44.5,36.51
2024-10-31,朴子,33.25,36.306
2024-11-01,朴子,10.5,39.348
2024-11-02,朴子,38.583,52.872
2024-11-03,朴子,52.25,38.082
2024-11-04,朴子,56.708,56.734
2024-11-05,朴子,43.208,57.171
2024-11-06,朴子,55.5,57.473
2024-11-07,朴子,39.375,59.384
2024-11-08,朴子,35.542,53.129
2024-11-09,朴子,36.958,49.625
2024-11-10,朴子,46.125,45.363
2024-11-11,朴子,34.542,40.988
2024-11-12,朴子,38.917,44.758
2024-11-13,朴子,60.667,39.165
2024-11-14,朴子,52.083,47.691
2024-11-15,朴子,70.625,52.197
2024-11-16,朴子,36.5,45.451
2024-11-17,朴子,27.125,36.555
2024-11-18,朴子,46.292,36.506
2024-11-19,朴子,31.125,42.677
2024-11-20,朴子,30.125,40.702
2024-11-21,朴子,43.458,39.844
2024-11-22,朴子,37.208,41.73
2024-11-23,朴子,44.958,44.643
2024-11-24,朴子,38.667,52.951
2024-11-25,朴子,38.208,47.998
2024-11-26,朴子,44.25,43.228
2024-11-27,朴子,56.667,41.346
2024-11-28,朴子,49.875,51.416
2024-11-29,朴子,58.208,54.478
2024-10-16,松山,25.958,24.889
2024-10-17,松山,32.833,25.255
2024-10-18,松山,35.583,25.674
2024-10-19,松山,24.792,31.43
2024-10-20,松山,34.75,26.579
2024-10-21,松山,30.083,25.501
2024-10-22,松山,30.917,25.712
2024-10-23,松山,45.833,25.227
2024-10-24,松山,35.458,29.818
2024-10-25,松山,24.25,23.481
2024-10-26,松山,19.083,19.459
2024-10-27,松山,21.708,18.869
2024-10-28,松山,32.25,19.333
2024-10-29,松山,42.667,20.483
2024-10-30,松山,36.125,29.517
2024-10-31,松山,25.958,29.222
2024-11-01,松山,36.792,18.758
2024-11-02,松山,27.208,28.591
2024-11-03,松山,54.708,30.49
2024-11-04,松山,35.333,38.826
2024-11-05,松山,42.625,35.512
2024-11-06,松山,46.25,38.024
2024-11-07,松山,37.625,39.0
2024-11-08,松山,34.125,36.528
2024-11-09,松山,25.083,35.517
2024-11-10,松山,24.917,31.88
2024-11-11,松山,27.583,29.495
2024-11-12,松山,26.375,28.332
2024-11-13,松山,25.708,23.84
2024-11-14,松山,12.083,20.576
2024-11-15,松山,81.667,20.112
2024-11-16,松山,16.708,37.062
2024-11-17,松山,23.375,27.563
2024-11-18,松山,18.125,24.144
2024-11-19,松山,30.083,24.982
2024-11-20,松山,30.0,26.206
2024-11-21,松山,30.833,24.937
2024-11-22,松山,35.958,24.342
2024-11-23,松山,51.083,27.458
2024-11-24,松山,30.792,32.344
2024-11-25,松山,36.083,27.856
2024-11-26,松山,37.792,31.316
2024-11-27,松山,46.458,31.051
2024-11-28,松山,45.833,33.598
2024-11-29,松山,50.167,39.913
2024-10-16,板橋,25.958,21.192
2024-10-17,板橋,24.917,20.456
2024-10-18,板橋,48.417,20.407
2024-10-19,板橋,22.5,37.657
2024-10-20,板橋,38.583,19.737
2024-10-21,板橋,34.792,28.515
2024-10-22,板橋,36.042,25.186
2024-10-23,板橋,38.708,27.729
2024-10-24,板橋,36.625,30.89
2024-10-25,板橋,29.833,24.651
2024-10-26,板橋,20.708,20.289
2024-10-27,板橋,21.667,22.623
2024-10-28,板橋,31.833,19.669
2024-10-29,板橋,38.5,28.897
2024-10-30,板橋,37.667,34.62
2024-10-31,板橋,30.333,27.002
2024-11-01,板橋,32.208,18.689
2024-11-02,板橋,26.833,26.016
2024-11-03,板橋,51.542,26.518
2024-11-04,板橋,38.708,44.427
2024-11-05,板橋,40.292,28.685
2024-11-06,板橋,38.167,39.174
2024-11-07,板橋,35.318,34.415
2024-11-08,板橋,38.167,28.46
2024-11-09,板橋,25.5,28.475
2024-11-10,板橋,28.292,22.676
2024-11-11,板橋,28.667,23.416
2024-11-12,板橋,27.875,21.088
2024-11-13,板橋,28.792,20.286
2024-11-14,板橋,16.375,20.051
2024-11-15,板橋,114.0,22.651
2024-11-16,板橋,84.75,71.415
2024-11-17,板橋,22.458,25.721
2024-11-18,板橋,32.875,27.421
2024-11-19,板橋,31.375,35.812
2024-11-20,板橋,32.208,30.556
2024-11-21,板橋,32.458,27.481
2024-11-22,板橋,33.583,27.066
2024-11-23,板橋,45.375,32.22
2024-11-24,板橋,35.917,40.543
2024-11-25,板橋,40.875,28.397
2024-11-26,板橋,34.667,40.866
2024-11-27,板橋,41.792,28.733
2024-11-28,板橋,38.542,41.602
2024-11-29,板橋,46.792,38.662
2024-10-16,林口,25.75,14.746
2024-10-17,林口,24.0,14.277
2024-10-18,林口,48.708,14.23
2024-10-19,林口,23.833,35.577
2024-10-20,林口,35.792,14.392
2024-10-21,林口,32.0,18.311
2024-10-22,林口,34.0,16.615
2024-10-23,林口,35.042,18.658
2024-10-24,林口,35.5,20.911
2024-10-25,林口,27.167,12.04
2024-10-26,林口,25.542,12.399
2024-10-27,林口,23.75,16.468
2024-10-28,林口,34.042,14.554
2024-10-29,林口,39.917,17.219
2024-10-30,林口,35.292,24.915
2024-10-31,林口,25.917,18.819
2024-11-01,林口,5.0,11.041
2024-11-02,林口,25.5,23.27
2024-11-03,林口,43.5,24.936
2024-11-04,林口,35.458,31.614
2024-11-05,林口,40.875,24.005
2024-11-06,林口,36.458,27.585
2024-11-07,林口,33.917,22.77
2024-11-08,林口,31.333,21.144
2024-11-09,林口,29.417,18.6
2024-11-10,林口,28.292,13.051
2024-11-11,林口,26.208,13.106
2024-11-12,林口,25.667,13.875
2024-11-13,林口,27.167,13.791
2024-11-14,林口,14.167,13.375
2024-11-15,林口,89.875,14.196
2024-11-16,林口,56.625,51.868
2024-11-17,林口,28.458,23.129
2024-11-18,林口,31.0,16.185
2024-11-19,林口,28.25,18.942
2024-11-20,林口,28.583,19.504
2024-11-21,林口,29.583,18.628
2024-11-22,林口,28.917,17.623
2024-11-23,林口,41.917,23.186
2024-11-24,林口,35.208,31.048
2024-11-25,林口,36.708,20.501
2024-11-26,林口,27.25,34.964
2024-11-27,林口,37.583,25.935
2024-11-28,林口,37.0,33.508
2024-11-29,林口,42.458,31.428
2024-10-17,林園,65.0,61.896
2024-10-18,林園,65.458,61.941
2024-10-19,林園,84.25,60.646
2024-10-20,林園,104.25,59.444
2024-10-21,林園,71.167,61.621
2024-10-22,林園,66.792,63.099
2024-10-23,林園,86.292,64.226
2024-10-24,林園,73.708,66.626
2024-10-25,林園,55.542,68.706
2024-10-26,林園,76.208,68.853
2024-10-27,林園,39.833,68.556
2024-10-28,林園,25.583,66.178
2024-10-29,林園,62.292,62.337
2024-10-30,林園,89.458,60.158
2024-10-31,林園,46.5,60.427
2024-11-01,林園,85.792,58.909
2024-11-02,林園,80.708,60.765
2024-11-03,林園,77.292,62.316
2024-11-04,林園,84.0,63.627
2024-11-05,林園,66.833,64.627
2024-11-06,林園,85.167,65.273
2024-11-07,林園,80.292,65.859
2024-11-08,林園,86.333,66.261
2024-11-09,林園,98.708,67.707
2024-11-10,林園,92.833,69.829
2024-11-11,林園,90.958,70.957
2024-11-12,林園,94.708,72.34
2024-11-13,林園,66.042,72.781
2024-11-14,林園,82.208,71.898
2024-11-15,林園,80.0,71.614
2024-11-16,林園,34.042,70.035
2024-11-17,林園,57.208,67.092
2024-11-18,林園,68.0,65.089
2024-11-19,林園,67.167,63.887
2024-11-20,林園,79.958,63.73
2024-11-21,林園,93.333,65.554
2024-11-22,林園,78.667,68.911
2024-11-23,林園,103.917,72.074
2024-11-24,林園,106.75,75.587
2024-11-25,林園,70.792,78.374
2024-11-26,林園,74.167,78.358
2024-11-27,林園,78.583,76.985
2024-11-28,林園,81.333,75.773
2024-11-29,林園,77.042,76.089
2024-10-16,桃園,25.75,24.913
2024-10-17,桃園,26.625,22.929
2024-10-18,桃園,42.208,24.731
2024-10-19,桃園,26.208,45.06
2024-10-20,桃園,32.625,23.753
2024-10-21,桃園,33.292,27.712
2024-10-22,桃園,33.25,23.997
2024-10-23,桃園,35.542,26.054
2024-10-24,桃園,30.958,30.419
2024-10-25,桃園,24.958,29.341
2024-10-26,桃園,42.042,21.692
2024-10-27,桃園,28.167,48.844
2024-10-28,桃園,33.292,25.171
2024-10-29,桃園,35.5,24.341
2024-10-30,桃園,33.042,34.334
2024-10-31,桃園,28.5,29.083
2024-11-01,桃園,24.167,18.231
2024-11-02,桃園,27.833,35.3
2024-11-03,桃園,48.792,28.275
2024-11-04,桃園,38.0,37.791
2024-11-05,桃園,33.958,28.83
2024-11-06,桃園,35.417,38.408
2024-11-07,桃園,34.333,31.711
2024-11-08,桃園,34.208,27.192
2024-11-09,桃園,24.167,28.266
2024-11-10,桃園,25.0,26.771
2024-11-11,桃園,26.542,27.511
2024-11-12,桃園,28.042,25.574
2024-11-13,桃園,26.833,22.538
2024-11-14,桃園,53.667,21.302
2024-11-15,桃園,141.792,59.569
2024-11-16,桃園,79.0,76.341
2024-11-17,桃園,22.708,32.88
2024-11-18,桃園,29.333,32.067
2024-11-19,桃園,29.833,34.259
2024-11-20,桃園,28.125,27.592
2024-11-21,桃園,27.667,28.341
2024-11-22,桃園,32.125,27.766
2024-11-23,桃園,43.292,30.127
2024-11-24,桃園,35.5,35.016
2024-11-25,桃園,40.167,27.019
2024-11-26,桃園,30.792,51.696
2024-11-27,桃園,40.167,32.821
2024-11-28,桃園,37.5,43.209
2024-11-29,桃園,53.833,46.681
2024-10-16,楠梓,73.625,60.022
2024-10-17,楠梓,68.0,61.624
2024-10-18,楠梓,65.917,64.322
2024-10-19,楠梓,90.125,59.251
2024-10-20,楠梓,71.0,64.701
2024-10-21,楠梓,60.792,57.737
2024-10-22,楠梓,71.25,63.305
2024-10-23,楠梓,63.958,65.003
2024-10-24,楠梓,48.583,64.874
2024-10-25,楠梓,45.75,58.579
2024-10-26,楠梓,64.542,55.23
2024-10-27,楠梓,45.542,55.183
2024-10-28,楠梓,31.917,43.043
2024-10-29,楠梓,55.333,37.199
2024-10-30,楠梓,65.292,53.037
2024-10-31,楠梓,36.0,58.339
2024-11-01,楠梓,58.792,37.927
2024-11-02,楠梓,62.0,65.244
2024-11-03,楠梓,73.333,55.913
2024-11-04,楠梓,83.083,64.658
2024-11-05,楠梓,75.167,65.97
2024-11-06,楠梓,72.167,64.702
2024-11-07,楠梓,62.5,67.551
2024-11-08,楠梓,62.167,63.841
2024-11-09,楠梓,75.792,57.157
2024-11-10,楠梓,82.75,65.587
2024-11-11,楠梓,81.583,63.737
2024-11-12,楠梓,81.333,68.61
2024-11-13,楠梓,78.542,60.022
2024-11-14,楠梓,68.125,71.573
2024-11-15,楠梓,116.542,70.734
2024-11-16,楠梓,45.833,77.301
2024-11-17,楠梓,47.542,52.296
2024-11-18,楠梓,47.833,56.579
2024-11-19,楠梓,49.375,52.548
2024-11-20,楠梓,62.333,60.803
2024-11-21,楠梓,63.75,69.449
2024-11-22,楠梓,53.875,67.695
2024-11-23,楠梓,71.0,69.611
2024-11-24,楠梓,86.25,74.354
2024-11-25,楠梓,67.0,76.018
2024-11-26,楠梓,65.708,70.275
2024-11-27,楠梓,67.125,66.318
2024-11-28,楠梓,57.125,70.563
2024-11-29,楠梓,55.333,68.299
2024-10-16,汐止,24.917,18.089
2024-10-17,汐止,30.5,23.189
2024-10-18,汐止,36.625,25.076
2024-10-19,汐止,25.875,37.816
2024-10-20,汐止,36.542,19.725
2024-10-21,汐止,31.5,26.153
2024-10-22,汐止,32.542,23.976
2024-10-23,汐止,44.625,25.181
2024-10-24,汐止,39.167,26.669
2024-10-25,汐止,26.208,16.12
2024-10-26,汐止,18.583,13.788
2024-10-27,汐止,21.333,21.615
2024-10-28,汐止,34.708,19.328
2024-10-29,汐止,41.875,27.736
2024-10-30,汐止,36.667,38.633
2024-10-31,汐止,29.625,29.224
2024-11-01,汐止,34.875,7.991
2024-11-02,汐止,29.208,33.063
2024-11-03,汐止,53.417,32.516
2024-11-04,汐止,41.375,52.276
2024-11-05,汐止,42.708,34.346
2024-11-06,汐止,39.667,45.62
2024-11-07,汐止,32.125,37.403
2024-11-08,汐止,29.667,34.479
2024-11-09,汐止,24.792,30.332
2024-11-10,汐止,26.75,25.832
2024-11-11,汐止,27.958,25.626
2024-11-12,汐止,29.833,21.199
2024-11-13,汐止,28.667,17.065
2024-11-14,汐止,18.583,14.929
2024-11-15,汐止,51.25,19.854
2024-11-16,汐止,21.292,31.324
2024-11-17,汐止,27.958,20.589
2024-11-18,汐止,34.25,23.256
2024-11-19,汐止,32.333,28.321
2024-11-20,汐止,31.458,26.652
2024-11-21,汐止,33.0,23.911
2024-11-22,汐止,36.458,23.035
2024-11-23,汐止,48.083,31.769
2024-11-24,汐止,31.917,39.832
2024-11-25,汐止,37.792,28.389
2024-11-26,汐止,40.917,42.426
2024-11-27,汐止,46.083,31.103
2024-11-28,汐止,45.917,41.677
2024-11-29,汐止,48.708,40.622
2024-10-16,沙鹿,52.917,53.63
2024-10-17,沙鹿,60.583,40.703
2024-10-18,沙鹿,77.875,55.379
2024-10-19,沙鹿,60.167,54.099
2024-10-20,沙鹿,36.625,44.962
2024-10-21,沙鹿,35.292,36.941
2024-10-22,沙鹿,39.042,45.285
2024-10-23,沙鹿,49.208,34.542
2024-10-24,沙鹿,40.917,37.388
2024-10-25,沙鹿,35.792,25.794
2024-10-26,沙鹿,60.5,36.219
2024-10-27,沙鹿,52.75,48.866
2024-10-28,沙鹿,32.125,43.004
2024-10-29,沙鹿,42.083,30.69
2024-10-30,沙鹿,41.75,41.445
2024-10-31,沙鹿,30.25,32.874
2024-11-01,沙鹿,34.125,18.377
2024-11-02,沙鹿,31.167,40.724
2024-11-03,沙鹿,48.25,33.629
2024-11-04,沙鹿,44.958,51.716
2024-11-05,沙鹿,41.792,46.184
2024-11-06,沙鹿,43.083,41.306
2024-11-07,沙鹿,40.208,33.274
2024-11-08,沙鹿,35.167,37.728
2024-11-09,沙鹿,29.667,32.092
2024-11-10,沙鹿,28.125,28.441
2024-11-11,沙鹿,29.875,29.478
2024-11-12,沙鹿,27.75,32.639
2024-11-13,沙鹿,50.917,36.919
2024-11-14,沙鹿,98.0,60.434
2024-11-15,沙鹿,82.5,63.34
2024-11-16,沙鹿,36.5,51.762
2024-11-17,沙鹿,25.458,28.289
2024-11-18,沙鹿,34.167,23.854
2024-11-19,沙鹿,29.125,33.074
2024-11-20,沙鹿,29.167,30.922
2024-11-21,沙鹿,30.833,28.815
2024-11-22,沙鹿,34.208,23.868
2024-11-23,沙鹿,47.125,29.356
2024-11-24,沙鹿,34.417,47.083
2024-11-25,沙鹿,57.208,35.296
2024-11-26,沙鹿,30.917,54.496
2024-11-27,沙鹿,41.875,24.486
2024-11-28,沙鹿,36.125,21.263
2024-11-29,沙鹿,42.667,27.6
2024-10-21,淡水,35.667,29.772
2024-10-22,淡水,38.125,30.156
2024-10-23,淡水,40.958,29.923
2024-10-24,淡水,41.375,30.755
2024-10-25,淡水,32.625,31.744
2024-10-26,淡水,35.875,30.807
2024-10-27,淡水,27.667,30.341
2024-10-28,淡水,38.125,29.738
2024-10-29,淡水,44.667,29.4
2024-10-30,淡水,42.125,29.411
2024-10-31,淡水,27.75,29.384
2024-11-07,淡水,39.833,28.785
2024-11-08,淡水,39.5,28.119
2024-11-09,淡水,30.583,27.142
2024-11-10,淡水,29.75,24.29
2024-11-11,淡水,29.333,23.404
2024-11-12,淡水,32.0,22.991
2024-11-13,淡水,31.375,22.956
2024-11-14,淡水,19.542,21.966
2024-11-15,淡水,83.458,21.344
2024-11-16,淡水,42.417,22.699
2024-11-17,淡水,29.667,23.421
2024-11-18,淡水,37.042,23.681
2024-11-19,淡水,31.583,24.296
2024-11-20,淡水,33.333,24.422
2024-11-21,淡水,35.208,24.421
2024-11-22,淡水,36.667,24.063
2024-11-23,淡水,45.417,24.082
2024-11-24,淡水,36.792,25.24
2024-11-25,淡水,36.583,26.36
2024-11-26,淡水,30.5,27.207
2024-11-27,淡水,41.125,27.816
2024-11-28,淡水,38.875,29.124
2024-11-29,淡水,45.458,30.371
2024-10-16,湖口,27.583,38.495
2024-10-17,湖口,37.083,29.072
2024-10-18,湖口,46.333,37.684
2024-10-19,湖口,49.5,47.508
2024-10-20,湖口,36.958,38.68
2024-10-21,湖口,34.0,33.002
2024-10-22,湖口,34.917,34.939
2024-10-23,湖口,41.75,34.157
2024-10-24,湖口,39.125,32.557
2024-10-25,湖口,36.333,30.723
2024-10-26,湖口,58.875,33.909
2024-10-27,湖口,51.25,60.713
2024-10-28,湖口,35.875,40.83
2024-10-29,湖口,44.542,42.209
2024-10-30,湖口,40.083,45.118
2024-10-31,湖口,31.083,37.28
2024-11-01,湖口,24.75,24.151
2024-11-02,湖口,27.458,36.388
2024-11-03,湖口,51.125,43.333
2024-11-04,湖口,38.667,53.386
2024-11-05,湖口,43.333,39.714
2024-11-06,湖口,41.208,45.341
2024-11-07,湖口,37.708,35.67
2024-11-08,湖口,37.25,32.279
2024-11-09,湖口,33.083,33.824
2024-11-10,湖口,30.708,31.423
2024-11-11,湖口,30.708,34.39
2024-11-12,湖口,28.458,29.474
2024-11-13,湖口,27.708,27.213
2024-11-14,湖口,69.75,34.899
2024-11-15,湖口,97.958,64.858
2024-11-16,湖口,42.583,65.462
2024-11-17,湖口,28.625,38.9
2024-11-18,湖口,35.167,38.463
2024-11-19,湖口,31.417,34.902
2024-11-20,湖口,33.708,30.434
2024-11-21,湖口,33.125,31.702
2024-11-22,湖口,33.208,28.23
2024-11-23,湖口,42.875,31.81
2024-11-24,湖口,36.5,37.285
2024-11-25,湖口,41.958,29.636
2024-11-26,湖口,28.708,56.438
2024-11-27,湖口,40.208,36.001
2024-11-28,湖口,40.708,29.254
2024-11-29,湖口,47.75,55.461
2024-10-16,潮州,73.208,63.676
2024-10-17,潮州,54.25,59.192
2024-10-18,潮州,56.875,54.347
2024-10-19,潮州,93.458,52.099
2024-10-20,潮州,96.083,70.878
2024-10-21,潮州,71.542,66.548
2024-10-22,潮州,73.042,65.415
2024-10-23,潮州,101.667,69.773
2024-10-24,潮州,66.167,79.266
2024-10-25,潮州,55.583,58.987
2024-10-26,潮州,58.958,68.856
2024-10-27,潮州,23.667,55.927
2024-10-28,潮州,25.042,32.402
2024-10-29,潮州,39.833,32.533
2024-10-30,潮州,75.25,54.003
2024-10-31,潮州,38.458,70.556
2024-11-01,潮州,43.917,25.247
2024-11-02,潮州,53.708,55.978
2024-11-03,潮州,67.083,34.569
2024-11-04,潮州,61.75,59.571
2024-11-05,潮州,61.708,52.19
2024-11-06,潮州,75.458,56.76
2024-11-07,潮州,73.125,61.364
2024-11-08,潮州,97.75,65.444
2024-11-09,潮州,108.208,79.532
2024-11-10,潮州,90.208,72.798
2024-11-11,潮州,86.917,66.321
2024-11-12,潮州,82.708,68.737
2024-11-13,潮州,65.25,56.081
2024-11-14,潮州,64.833,71.041
2024-11-15,潮州,70.25,57.581
2024-11-16,潮州,20.208,51.36
2024-11-17,潮州,35.792,31.756
2024-11-18,潮州,50.042,44.484
2024-11-19,潮州,56.5,53.661
2024-11-20,潮州,61.917,63.556
2024-11-21,潮州,107.292,71.163
2024-11-22,潮州,80.042,83.473
2024-11-23,潮州,92.833,75.014
2024-11-24,潮州,90.958,84.135
2024-11-25,潮州,72.625,74.853
2024-11-26,潮州,59.25,66.323
2024-11-27,潮州,72.792,58.585
2024-11-28,潮州,84.625,77.071
2024-11-29,潮州,77.833,77.21
2024-10-16,竹山,85.208,68.813
2024-10-17,竹山,88.708,75.821
2024-10-18,竹山,96.208,76.559
2024-10-19,竹山,59.583,77.131
2024-10-20,竹山,61.292,59.193
2024-10-21,竹山,54.25,56.199
2024-10-22,竹山,57.333,59.373
2024-10-23,竹山,37.958,49.74
2024-10-24,竹山,32.667,45.033
2024-10-25,竹山,33.458,42.9
2024-10-26,竹山,61.375,46.579
2024-10-27,竹山,64.917,53.208
2024-10-28,竹山,53.208,61.978
2024-10-29,竹山,35.917,49.977
2024-10-30,竹山,41.917,57.073
2024-10-31,竹山,18.167,44.25
2024-11-01,竹山,33.083,15.387
2024-11-02,竹山,58.708,34.144
2024-11-03,竹山,61.25,70.509
2024-11-04,竹山,79.208,68.289
2024-11-05,竹山,49.875,76.067
2024-11-06,竹山,41.167,57.894
2024-11-07,竹山,39.458,44.666
2024-11-08,竹山,41.25,46.094
2024-11-09,竹山,50.458,46.157
2024-11-10,竹山,54.042,52.769
2024-11-11,竹山,50.167,45.265
2024-11-12,竹山,63.792,53.746
2024-11-13,竹山,64.5,64.976
2024-11-14,竹山,92.833,76.266
2024-11-15,竹山,115.667,85.175
2024-11-16,竹山,71.583,81.302
2024-11-17,竹山,36.25,56.404
2024-11-18,竹山,32.917,49.795
2024-11-19,竹山,36.958,44.691
2024-11-20,竹山,44.667,53.003
2024-11-21,竹山,39.167,57.199
2024-11-22,竹山,34.167,51.342
2024-11-23,竹山,60.292,54.643
2024-11-24,竹山,79.0,71.757
2024-11-25,竹山,78.333,82.096
2024-11-26,竹山,52.792,72.124
2024-11-27,竹山,49.417,57.6
2024-11-28,竹山,53.417,75.276
2024-11-29,竹山,63.917,67.929
2024-10-16,竹東,25.25,30.986
2024-10-17,竹東,26.542,19.309
2024-10-18,竹東,48.375,30.372
2024-10-19,竹東,40.583,38.066
2024-10-20,竹東,36.708,26.725
2024-10-21,竹東,29.0,16.48
2024-10-22,竹東,26.167,23.79
2024-10-23,竹東,37.375,14.274
2024-10-24,竹東,40.208,12.604
2024-10-25,竹東,34.583,5.934
2024-10-26,竹東,50.042,14.874
2024-10-27,竹東,57.083,43.966
2024-10-28,竹東,32.833,37.719
2024-10-29,竹東,43.25,19.288
2024-10-30,竹東,42.75,16.739
2024-10-31,竹東,27.5,10.748
2024-11-01,竹東,21.0,8.565
2024-11-02,竹東,25.625,24.225
2024-11-03,竹東,39.958,20.323
2024-11-04,竹東,34.0,43.627
2024-11-05,竹東,44.708,17.607
2024-11-06,竹東,43.833,21.79
2024-11-07,竹東,40.083,12.719
2024-11-08,竹東,37.667,12.469
2024-11-09,竹東,28.833,12.156
2024-11-10,竹東,23.042,12.723
2024-11-11,竹東,29.417,19.812
2024-11-12,竹東,23.958,18.15
2024-11-13,竹東,22.958,17.527
2024-11-14,竹東,59.417,30.008
2024-11-15,竹東,84.208,62.32
2024-11-16,竹東,53.375,56.636
2024-11-17,竹東,26.458,22.531
2024-11-18,竹東,37.333,18.164
2024-11-19,竹東,33.083,13.426
2024-11-20,竹東,31.958,16.514
2024-11-21,竹東,35.042,13.285
2024-11-22,竹東,36.792,8.833
2024-11-23,竹東,43.667,15.675
2024-11-24,竹東,34.625,21.254
2024-11-25,竹東,34.25,19.342
2024-11-26,竹東,34.625,36.56
2024-11-27,竹東,41.0,22.788
2024-11-28,竹東,31.333,44.824
2024-11-29,竹東,35.333,29.332
2024-10-16,美濃,59.875,44.325
2024-10-17,美濃,52.375,52.591
2024-10-18,美濃,50.292,52.411
2024-10-19,美濃,59.333,49.392
2024-10-20,美濃,81.75,54.464
2024-10-21,美濃,55.667,64.144
2024-10-22,美濃,52.208,55.917
2024-10-23,美濃,55.958,57.251
2024-10-24,美濃,43.125,54.809
2024-10-25,美濃,32.375,45.795
2024-10-26,美濃,44.292,45.908
2024-10-27,美濃,28.0,39.376
2024-10-28,美濃,28.708,34.454
2024-10-29,美濃,29.125,35.727
2024-10-30,美濃,46.458,44.409
2024-10-31,美濃,28.167,55.281
2024-11-01,美濃,36.792,20.618
2024-11-02,美濃,31.708,43.154
2024-11-03,美濃,52.917,36.055
2024-11-04,美濃,61.25,54.334
2024-11-05,美濃,55.0,57.251
2024-11-06,美濃,61.625,52.16
2024-11-07,美濃,50.0,56.375
2024-11-08,美濃,47.417,51.979
2024-11-09,美濃,50.0,42.316
2024-11-10,美濃,65.125,52.042
2024-11-11,美濃,69.333,55.114
2024-11-12,美濃,49.25,57.385
2024-11-13,美濃,27.917,27.943
2024-11-14,美濃,54.958,52.09
2024-11-15,美濃,49.083,47.486
2024-11-16,美濃,30.458,43.212
2024-11-17,美濃,28.708,30.669
2024-11-18,美濃,37.125,45.55
2024-11-19,美濃,35.542,39.157
2024-11-20,美濃,44.792,51.791
2024-11-21,美濃,48.292,60.083
2024-11-22,美濃,47.125,54.878
2024-11-23,美濃,66.792,61.432
2024-11-24,美濃,72.833,65.169
2024-11-25,美濃,59.25,66.128
2024-11-26,美濃,43.458,57.192
2024-11-27,美濃,51.458,54.699
2024-11-28,美濃,60.667,63.313
2024-11-29,美濃,59.417,65.61
2024-10-16,臺南,62.25,56.255
2024-10-17,臺南,70.208,59.649
2024-10-18,臺南,60.5,62.128
2024-10-19,臺南,77.792,57.772
2024-10-20,臺南,67.208,56.135
2024-10-21,臺南,53.5,59.68
2024-10-22,臺南,55.292,60.213
2024-10-23,臺南,61.25,56.232
2024-10-24,臺南,49.375,73.979
2024-10-25,臺南,35.25,51.794
2024-10-26,臺南,49.0,45.86
2024-10-27,臺南,52.208,42.163
2024-10-28,臺南,27.583,43.616
2024-10-29,臺南,43.958,37.887
2024-10-30,臺南,48.458,60.638
2024-10-31,臺南,44.375,57.688
2024-11-01,臺南,61.625,27.906
2024-11-02,臺南,58.25,66.84
2024-11-03,臺南,67.75,54.705
2024-11-04,臺南,78.875,59.41
2024-11-05,臺南,56.167,65.842
2024-11-06,臺南,54.792,56.757
2024-11-07,臺南,46.208,63.155
2024-11-08,臺南,41.417,57.24
2024-11-09,臺南,57.042,49.909
2024-11-10,臺南,63.125,57.374
2024-11-11,臺南,59.75,54.127
2024-11-12,臺南,53.75,57.718
2024-11-13,臺南,56.417,48.717
2024-11-14,臺南,55.958,66.045
2024-11-15,臺南,122.792,65.311
2024-11-16,臺南,49.875,65.35
2024-11-17,臺南,41.083,49.512
2024-11-18,臺南,41.625,53.084
2024-11-19,臺南,50.125,58.464
2024-11-20,臺南,51.958,58.184
2024-11-21,臺南,52.875,58.527
2024-11-22,臺南,44.125,58.901
2024-11-23,臺南,62.958,59.512
2024-11-24,臺南,66.292,67.98
2024-11-25,臺南,59.208,64.802
2024-11-26,臺南,51.708,62.921
2024-11-27,臺南,59.917,59.974
2024-11-28,臺南,50.333,71.333
2024-11-29,臺南,57.875,70.788
2024-10-16,臺東,26.792,18.143
2024-10-17,臺東,24.167,20.454
2024-10-18,臺東,19.167,16.576
2024-10-19,臺東,15.5,14.533
2024-10-20,臺東,43.625,17.372
2024-10-21,臺東,27.75,27.922
2024-10-22,臺東,40.917,14.68
2024-10-23,臺東,88.375,29.705
2024-10-24,臺東,38.333,41.123
2024-10-25,臺東,20.583,16.966
2024-10-26,臺東,17.083,15.338
2024-10-27,臺東,18.083,18.205
2024-10-28,臺東,26.208,16.79
2024-10-29,臺東,34.125,23.342
2024-10-30,臺東,31.125,23.018
2024-10-31,臺東,31.25,23.391
2024-11-01,臺東,38.417,31.597
2024-11-02,臺東,28.25,19.324
2024-11-03,臺東,37.708,22.034
2024-11-04,臺東,37.458,27.481
2024-11-05,臺東,44.0,25.521
2024-11-06,臺東,48.75,30.806
2024-11-07,臺東,44.667,29.922
2024-11-08,臺東,33.125,30.628
2024-11-09,臺東,26.75,20.079
2024-11-10,臺東,27.625,22.33
2024-11-11,臺東,29.0,23.157
2024-11-12,臺東,20.625,24.316
2024-11-13,臺東,15.833,13.905
2024-11-14,臺東,11.833,17.945
2024-11-15,臺東,9.0,12.912
2024-11-16,臺東,12.583,11.884
2024-11-17,臺東,16.458,10.085
2024-11-18,臺東,31.875,17.323
2024-11-19,臺東,30.917,16.489
2024-11-20,臺東,30.083,13.245
2024-11-21,臺東,31.167,11.702
2024-11-22,臺東,34.417,14.013
2024-11-23,臺東,38.292,16.414
2024-11-24,臺東,36.042,22.197
2024-11-25,臺東,31.5,18.062
2024-11-26,臺東,28.625,17.767
2024-11-27,臺東,35.25,22.898
2024-11-28,臺東,38.583,23.76
2024-11-29,臺東,36.833,26.874
2024-10-16,花蓮,23.292,20.552
2024-10-17,花蓮,22.708,19.162
2024-10-18,花蓮,21.625,20.487
2024-10-19,花蓮,17.542,17.521
2024-10-20,花蓮,26.0,18.702
2024-10-21,花蓮,29.375,16.382
2024-10-22,花蓮,24.25,18.755
2024-10-23,花蓮,34.875,20.866
2024-10-24,花蓮,27.875,22.182
2024-10-25,花蓮,24.5,15.017
2024-10-26,花蓮,14.542,15.79
2024-10-27,花蓮,20.583,16.066
2024-10-28,花蓮,29.542,18.029
2024-10-29,花蓮,42.167,19.875
2024-10-30,花蓮,33.208,20.969
2024-10-31,花蓮,44.583,17.514
2024-11-01,花蓮,40.292,32.203
2024-11-02,花蓮,30.875,25.034
2024-11-03,花蓮,32.708,20.897
2024-11-04,花蓮,34.042,28.916
2024-11-05,花蓮,36.125,25.39
2024-11-06,花蓮,44.458,24.655
2024-11-07,花蓮,36.696,26.172
2024-11-08,花蓮,23.583,18.668
2024-11-09,花蓮,21.375,14.917
2024-11-10,花蓮,25.25,16.574
2024-11-11,花蓮,27.042,16.715
2024-11-12,花蓮,18.292,19.696
2024-11-13,花蓮,17.792,15.467
2024-11-14,花蓮,21.708,17.94
2024-11-15,花蓮,18.75,18.771
2024-11-16,花蓮,15.083,18.121
2024-11-17,花蓮,24.0,18.689
2024-11-18,花蓮,36.417,19.991
2024-11-19,花蓮,28.583,27.05
2024-11-20,花蓮,24.625,16.162
2024-11-21,花蓮,32.125,17.697
2024-11-25,花蓮,32.458,19.016
2024-11-26,花蓮,29.417,22.89
2024-11-27,花蓮,33.292,25.177
2024-11-28,花蓮,33.083,26.282
2024-11-29,花蓮,39.708,32.761
2024-10-16,苗栗,30.75,43.542
2024-10-17,苗栗,36.958,27.492
2024-10-18,苗栗,59.708,38.745
2024-10-19,苗栗,51.792,47.065
2024-10-20,苗栗,36.208,39.975
2024-10-21,苗栗,32.292,27.567
2024-10-22,苗栗,25.958,27.024
2024-10-23,苗栗,44.958,25.549
2024-10-24,苗栗,39.667,26.017
2024-10-25,苗栗,33.292,14.857
2024-10-26,苗栗,53.167,22.779
2024-10-27,苗栗,46.792,30.967
2024-10-28,苗栗,32.167,31.757
2024-10-29,苗栗,41.292,27.237
2024-10-30,苗栗,41.458,26.4
2024-10-31,苗栗,28.542,16.79
2024-11-01,苗栗,26.292,9.564
2024-11-02,苗栗,26.958,21.721
2024-11-03,苗栗,48.5,24.242
2024-11-04,苗栗,42.292,41.52
2024-11-05,苗栗,42.042,23.031
2024-11-06,苗栗,43.208,34.984
2024-11-07,苗栗,39.75,22.321
2024-11-08,苗栗,34.5,21.54
2024-11-09,苗栗,28.625,22.263
2024-11-10,苗栗,22.833,17.897
2024-11-11,苗栗,28.125,23.631
2024-11-12,苗栗,17.417,27.558
2024-11-13,苗栗,32.375,21.319
2024-11-14,苗栗,86.917,53.868
2024-11-15,苗栗,95.958,69.172
2024-11-16,苗栗,45.25,59.73
2024-11-17,苗栗,24.708,36.163
2024-11-18,苗栗,35.125,26.827
2024-11-19,苗栗,31.542,27.06
2024-11-20,苗栗,29.333,22.762
2024-11-21,苗栗,29.542,22.652
2024-11-22,苗栗,33.25,17.403
2024-11-23,苗栗,42.125,22.131
2024-11-24,苗栗,31.375,33.4
2024-11-25,苗栗,39.833,21.478
2024-11-26,苗栗,30.542,44.819
2024-11-27,苗栗,39.208,26.955
2024-11-28,苗栗,35.75,44.011
2024-11-29,苗栗,44.292,39.466
2024-10-16,菜寮,26.5,34.864
2024-10-17,菜寮,34.292,34.757
2024-10-18,菜寮,48.083,34.921
2024-10-19,菜寮,27.417,35.687
2024-10-20,菜寮,36.583,35.453
2024-10-21,菜寮,34.042,34.488
2024-10-22,菜寮,34.75,34.381
2024-10-23,菜寮,36.958,34.222
2024-10-24,菜寮,35.583,34.007
2024-10-25,菜寮,28.333,33.593
2024-10-26,菜寮,18.625,33.28
2024-10-27,菜寮,21.792,32.777
2024-10-28,菜寮,29.333,32.326
2024-10-29,菜寮,38.042,31.672
2024-10-30,菜寮,37.042,31.365
2024-10-31,菜寮,29.083,31.261
2024-11-01,菜寮,34.958,30.889
2024-11-02,菜寮,31.167,30.621
2024-11-03,菜寮,51.292,29.804
2024-11-04,菜寮,38.417,30.549
2024-11-05,菜寮,40.833,31.622
2024-11-06,菜寮,41.0,32.79
2024-11-07,菜寮,35.5,33.962
2024-11-08,菜寮,37.5,34.69
2024-11-09,菜寮,26.208,35.763
2024-11-10,菜寮,25.958,36.447
2024-11-11,菜寮,28.417,36.466
2024-11-12,菜寮,27.875,36.337
2024-11-13,菜寮,27.333,35.631
2024-11-14,菜寮,13.083,34.704
2024-11-15,菜寮,100.25,33.771
2024-11-16,菜寮,58.833,34.438
2024-11-17,菜寮,23.833,34.349
2024-11-18,菜寮,33.417,34.516
2024-11-19,菜寮,30.375,34.553
2024-11-20,菜寮,31.333,34.894
2024-11-21,菜寮,30.167,34.94
2024-11-22,菜寮,33.0,34.875
2024-11-23,菜寮,46.625,35.025
2024-11-24,菜寮,34.417,35.233
2024-11-25,菜寮,38.542,35.282
2024-11-26,菜寮,35.0,35.622
2024-11-27,菜寮,44.75,36.046
2024-11-28,菜寮,45.833,36.811
2024-11-29,菜寮,48.708,37.845
2024-10-16,萬華,24.667,29.007
2024-10-17,萬華,26.833,28.758
2024-10-18,萬華,39.458,28.037
2024-10-19,萬華,21.292,28.546
2024-10-20,萬華,34.667,29.307
2024-10-21,萬華,31.417,29.519
2024-10-22,萬華,30.75,29.176
2024-10-23,萬華,36.333,28.732
2024-10-24,萬華,32.958,29.497
2024-10-25,萬華,27.833,29.713
2024-10-26,萬華,19.625,29.802
2024-10-27,萬華,19.0,29.103
2024-10-28,萬華,29.292,28.532
2024-10-29,萬華,36.167,28.235
2024-10-30,萬華,33.542,28.493
2024-10-31,萬華,11.75,28.719
2024-11-01,萬華,9.792,28.213
2024-11-02,萬華,26.542,28.683
2024-11-03,萬華,48.583,30.006
2024-11-04,萬華,34.083,30.477
2024-11-05,萬華,39.667,30.952
2024-11-06,萬華,37.25,31.39
2024-11-07,萬華,30.958,31.825
2024-11-08,萬華,34.625,32.042
2024-11-09,萬華,24.958,32.715
2024-11-10,萬華,24.5,32.164
2024-11-11,萬華,27.083,31.825
2024-11-12,萬華,25.417,31.03
2024-11-13,萬華,26.125,30.645
2024-11-14,萬華,13.5,29.612
2024-11-15,萬華,99.167,28.278
2024-11-16,萬華,46.292,28.69
2024-11-17,萬華,20.625,30.38
2024-11-18,萬華,30.458,30.627
2024-11-19,萬華,29.417,30.633
2024-11-20,萬華,27.875,30.152
2024-11-21,萬華,30.667,29.602
2024-11-22,萬華,30.417,29.07
2024-11-23,萬華,41.208,28.516
2024-11-24,萬華,30.125,28.778
2024-11-25,萬華,36.25,29.793
2024-11-26,萬華,34.208,30.869
2024-11-27,萬華,40.083,31.739
2024-11-28,萬華,39.708,32.55
2024-11-29,萬華,45.292,33.262
2024-10-16,萬里,41.625,25.38
2024-10-17,萬里,43.833,30.077
2024-10-18,萬里,23.0,27.056
2024-10-19,萬里,28.125,21.944
2024-10-20,萬里,55.708,28.744
2024-10-21,萬里,56.333,40.637
2024-10-22,萬里,54.708,34.254
2024-10-23,萬里,75.333,46.702
2024-10-24,萬里,59.208,63.449
2024-10-25,萬里,39.583,49.902
2024-10-26,萬里,20.208,23.126
2024-10-27,萬里,25.333,26.753
2024-10-28,萬里,45.708,37.873
2024-10-29,萬里,62.417,65.331
2024-10-30,萬里,67.833,45.505
2024-10-31,萬里,54.458,51.999
2024-11-01,萬里,34.958,53.924
2024-11-02,萬里,44.667,30.749
2024-11-03,萬里,87.875,63.008
2024-11-04,萬里,48.625,53.201
2024-11-05,萬里,70.833,36.842
2024-11-06,萬里,79.458,69.581
2024-11-07,萬里,50.417,47.698
2024-11-08,萬里,46.25,52.915
2024-11-09,萬里,39.583,36.42
2024-11-10,萬里,42.125,44.478
2024-11-11,萬里,43.375,45.267
2024-11-12,萬里,39.583,46.804
2024-11-13,萬里,39.5,42.188
2024-11-14,萬里,11.292,32.024
2024-11-15,萬里,34.333,19.674
2024-11-16,萬里,22.375,39.401
2024-11-17,萬里,35.083,42.951
2024-11-18,萬里,61.125,41.366
2024-11-19,萬里,45.458,59.122
2024-11-20,萬里,43.083,40.871
2024-11-21,萬里,42.458,40.123
2024-11-22,萬里,44.917,52.888
2024-11-23,萬里,57.917,44.664
2024-11-24,萬里,44.083,55.983
2024-11-25,萬里,35.625,34.906
2024-11-26,萬里,51.792,33.496
2024-11-27,萬里,68.125,61.42
2024-11-28,萬里,39.375,41.588
2024-11-29,萬里,47.125,39.149
2024-10-16,西屯,58.167,56.178
2024-10-17,西屯,59.333,47.684
2024-10-18,西屯,73.542,61.865
2024-10-19,西屯,56.458,57.758
2024-10-20,西屯,34.625,41.905
2024-10-21,西屯,33.75,32.643
2024-10-22,西屯,41.875,39.549
2024-10-23,西屯,45.333,28.048
2024-10-24,西屯,39.042,28.91
2024-10-25,西屯,36.083,21.388
2024-10-26,西屯,58.708,35.834
2024-10-27,西屯,46.042,41.058
2024-10-28,西屯,30.542,42.513
2024-10-29,西屯,39.208,27.044
2024-10-30,西屯,40.625,34.782
2024-10-31,西屯,27.833,24.305
2024-11-01,西屯,33.917,12.042
2024-11-02,西屯,31.625,38.413
2024-11-03,西屯,37.917,32.387
2024-11-04,西屯,48.792,43.921
2024-11-05,西屯,39.292,40.006
2024-11-06,西屯,41.583,37.956
2024-11-07,西屯,37.917,25.791
2024-11-08,西屯,33.75,27.786
2024-11-09,西屯,28.417,24.2
2024-11-10,西屯,23.25,22.329
2024-11-11,西屯,28.375,16.544
2024-11-12,西屯,25.625,36.476
2024-11-13,西屯,65.875,25.959
2024-11-14,西屯,104.667,79.369
2024-11-15,西屯,99.25,66.482
2024-11-16,西屯,50.083,58.836
2024-11-17,西屯,24.292,35.952
2024-11-19,西屯,24.792,26.027
2024-11-20,西屯,26.375,30.686
2024-11-21,西屯,28.167,29.645
2024-11-22,西屯,32.5,22.229
2024-11-23,西屯,38.958,30.21
2024-11-24,西屯,30.833,44.125
2024-11-25,西屯,60.625,41.466
2024-11-26,西屯,35.167,58.295
2024-11-27,西屯,37.958,32.321
2024-11-28,西屯,38.667,51.073
2024-11-29,西屯,46.125,54.565
2024-10-16,豐原,47.792,46.063
2024-10-17,豐原,54.917,32.175
2024-10-18,豐原,72.75,53.471
2024-10-19,豐原,54.083,62.709
2024-10-20,豐原,31.708,38.669
2024-10-21,豐原,28.042,23.08
2024-10-22,豐原,35.792,35.532
2024-10-23,豐原,31.667,31.442
2024-10-24,豐原,35.167,20.154
2024-10-25,豐原,32.0,18.424
2024-10-26,豐原,48.542,38.596
2024-10-27,豐原,48.958,56.564
2024-10-28,豐原,27.833,36.727
2024-10-29,豐原,36.958,20.964
2024-10-30,豐原,36.917,26.901
2024-10-31,豐原,26.333,18.594
2024-11-01,豐原,31.958,6.977
2024-11-02,豐原,28.042,19.03
2024-11-03,豐原,24.167,33.324
2024-11-04,豐原,44.458,28.479
2024-11-05,豐原,34.208,41.197
2024-11-06,豐原,40.0,24.299
2024-11-07,豐原,35.458,24.416
2024-11-08,豐原,26.0,21.281
2024-11-09,豐原,23.125,13.118
2024-11-10,豐原,20.25,13.778
2024-11-11,豐原,23.0,16.37
2024-11-12,豐原,19.958,21.253
2024-11-13,豐原,56.583,30.182
2024-11-14,豐原,94.792,61.169
2024-11-15,豐原,89.958,73.962
2024-11-16,豐原,52.958,65.491
2024-11-17,豐原,20.208,48.944
2024-11-18,豐原,30.0,29.804
2024-11-19,豐原,19.667,23.761
2024-11-20,豐原,20.417,20.566
2024-11-21,豐原,20.583,17.201
2024-11-22,豐原,28.167,11.623
2024-11-23,豐原,31.583,14.995
2024-11-24,豐原,38.625,33.04
2024-11-25,豐原,61.375,38.967
2024-11-26,豐原,41.875,58.304
2024-11-27,豐原,31.708,29.415
2024-11-28,豐原,37.0,41.393
2024-11-29,豐原,45.25,53.406
2024-10-16,金門,38.292,49.366
2024-10-17,金門,53.458,39.666
2024-10-18,金門,64.208,48.965
2024-10-19,金門,58.708,44.187
2024-10-20,金門,39.083,52.007
2024-10-21,金門,39.875,32.864
2024-10-22,金門,51.208,51.165
2024-10-23,金門,57.5,48.891
2024-10-24,金門,53.458,42.986
2024-10-25,金門,39.5,39.314
2024-10-26,金門,38.708,36.8
2024-10-27,金門,34.0,57.542
2024-10-28,金門,38.792,53.389
2024-10-29,金門,50.583,44.525
2024-10-30,金門,75.208,49.299
2024-10-31,金門,64.125,45.828
2024-11-01,金門,33.708,31.862
2024-11-02,金門,40.0,64.844
2024-11-03,金門,73.75,49.364
2024-11-04,金門,74.333,67.605
2024-11-05,金門,80.083,62.072
2024-11-06,金門,68.708,59.085
2024-11-07,金門,48.375,37.222
2024-11-08,金門,44.375,46.296
2024-11-09,金門,49.875,46.055
2024-11-10,金門,48.75,53.097
2024-11-11,金門,43.417,56.467
2024-11-12,金門,37.0,38.106
2024-11-13,金門,43.458,33.635
2024-11-14,金門,38.958,39.258
2024-11-15,金門,43.125,41.501
2024-11-16,金門,27.958,32.998
2024-11-17,金門,36.125,38.217
2024-11-18,金門,39.0,30.943
2024-11-19,金門,31.833,26.734
2024-11-20,金門,23.208,20.371
2024-11-21,金門,21.5,24.046
2024-11-22,金門,51.167,30.862
2024-11-23,金門,61.5,42.63
2024-11-24,金門,44.208,49.636
2024-11-25,金門,32.583,41.714
2024-11-26,金門,31.875,38.733
2024-11-27,金門,47.083,51.649
2024-11-28,金門,47.417,57.718
2024-11-29,金門,49.042,55.633
2024-10-16,馬公,35.833,34.054
2024-10-17,馬公,37.833,32.045
2024-10-18,馬公,33.375,33.422
2024-10-19,馬公,34.75,29.891
2024-10-20,馬公,41.667,34.397
2024-10-21,馬公,44.125,37.546
2024-10-22,馬公,43.625,31.882
2024-10-23,馬公,50.833,34.291
2024-10-24,馬公,45.75,37.3
2024-10-25,馬公,42.333,28.76
2024-10-26,馬公,31.125,24.649
2024-10-27,馬公,32.958,22.42
2024-10-28,馬公,39.5,33.322
2024-10-29,馬公,52.458,44.449
2024-10-30,馬公,52.25,44.943
2024-10-31,馬公,59.458,36.78
2024-11-01,馬公,46.375,36.544
2024-11-02,馬公,40.583,38.061
2024-11-03,馬公,56.333,43.542
2024-11-04,馬公,61.458,53.529
2024-11-05,馬公,56.5,48.364
2024-11-06,馬公,48.583,48.008
2024-11-07,馬公,44.958,35.542
2024-11-08,馬公,45.125,31.802
2024-11-09,馬公,40.417,32.696
2024-11-10,馬公,37.167,25.647
2024-11-11,馬公,39.542,29.9
2024-11-12,馬公,39.708,35.778
2024-11-13,馬公,43.75,33.112
2024-11-14,馬公,39.083,38.978
2024-11-15,馬公,26.083,36.005
2024-11-16,馬公,26.375,28.246
2024-11-17,馬公,36.792,30.092
2024-11-18,馬公,42.542,32.061
2024-11-19,馬公,40.5,36.058
2024-11-20,馬公,39.833,26.784
2024-11-21,馬公,38.5,25.508
2024-11-22,馬公,41.083,26.31
2024-11-23,馬公,51.458,30.511
2024-11-24,馬公,43.417,38.802
2024-11-25,馬公,40.208,28.778
2024-11-26,馬公,31.583,30.367
2024-11-27,馬公,47.708,29.945
2024-11-28,馬公,57.5,44.205
2024-11-29,馬公,56.708,40.249
2024-10-16,馬祖,47.417,42.214
2024-10-17,馬祖,56.875,41.721
2024-10-18,馬祖,58.917,46.522
2024-10-19,馬祖,47.958,43.923
2024-10-20,馬祖,43.375,45.539
2024-10-21,馬祖,49.25,46.199
2024-10-22,馬祖,63.708,51.336
2024-10-23,馬祖,61.083,57.99
2024-10-24,馬祖,57.708,51.491
2024-10-25,馬祖,45.375,49.707
2024-10-26,馬祖,26.083,38.01
2024-10-27,馬祖,31.875,30.6
2024-10-28,馬祖,38.875,42.54
2024-10-29,馬祖,81.958,42.718
2024-10-30,馬祖,68.083,70.194
2024-10-31,馬祖,40.917,43.66
2024-11-01,馬祖,33.667,33.535
2024-11-02,馬祖,34.5,47.697
2024-11-03,馬祖,84.375,56.228
2024-11-04,馬祖,115.25,72.63
2024-11-05,馬祖,111.625,70.675
2024-11-06,馬祖,63.875,70.854
2024-11-07,馬祖,50.375,42.068
2024-11-08,馬祖,48.708,47.07
2024-11-09,馬祖,49.5,48.407
2024-11-10,馬祖,62.458,43.059
2024-11-11,馬祖,46.25,62.866
2024-11-12,馬祖,58.917,40.401
2024-11-13,馬祖,62.042,54.412
2024-11-14,馬祖,37.25,48.153
2024-11-15,馬祖,34.333,37.335
2024-11-16,馬祖,35.125,35.29
2024-11-17,馬祖,39.833,39.329
2024-11-18,馬祖,44.042,42.435
2024-11-19,馬祖,39.708,39.689
2024-11-20,馬祖,35.458,36.78
2024-11-21,馬祖,45.125,43.677
2024-11-22,馬祖,59.75,39.875
2024-11-23,馬祖,74.417,53.793
2024-11-24,馬祖,44.625,58.422
2024-11-25,馬祖,35.458,42.795
2024-11-26,馬祖,33.208,47.595
2024-11-27,馬祖,35.458,57.894
2024-11-28,馬祖,47.5,66.512
2024-11-29,馬祖,49.25,56.318
2024-10-16,龍潭,26.375,21.936
2024-10-17,龍潭,26.625,22.613
2024-10-18,龍潭,53.042,28.785
2024-10-19,龍潭,31.458,51.052
2024-10-20,龍潭,34.708,21.329
2024-10-21,龍潭,31.333,24.144
2024-10-22,龍潭,31.792,21.253
2024-10-23,龍潭,36.042,25.417
2024-10-24,龍潭,35.542,22.336
2024-10-25,龍潭,31.958,23.022
2024-10-26,龍潭,57.458,22.666
2024-10-27,龍潭,47.333,54.089
2024-10-28,龍潭,29.458,28.743
2024-10-29,龍潭,38.958,33.821
2024-10-30,龍潭,38.0,31.819
2024-10-31,龍潭,27.292,21.898
2024-11-01,龍潭,21.417,11.537
2024-11-02,龍潭,27.958,31.412
2024-11-03,龍潭,47.042,23.737
2024-11-04,龍潭,37.208,40.801
2024-11-05,龍潭,40.75,28.607
2024-11-06,龍潭,40.0,32.65
2024-11-07,龍潭,37.333,25.809
2024-11-08,龍潭,35.208,18.293
2024-11-09,龍潭,25.958,17.376
2024-11-10,龍潭,26.833,19.214
2024-11-11,龍潭,30.042,23.348
2024-11-12,龍潭,27.0,15.744
2024-11-13,龍潭,23.958,17.933
2024-11-14,龍潭,64.292,20.438
2024-11-15,龍潭,136.833,64.887
2024-11-16,龍潭,82.5,72.449
2024-11-17,龍潭,24.167,39.858
2024-11-18,龍潭,32.75,37.462
2024-11-19,龍潭,31.083,29.486
2024-11-20,龍潭,32.125,21.896
2024-11-21,龍潭,31.667,21.7
2024-11-22,龍潭,33.917,21.227
2024-11-23,龍潭,43.583,23.641
2024-11-24,龍潭,34.667,31.155
2024-11-25,龍潭,47.458,22.899
2024-11-26,龍潭,38.167,58.237
2024-11-27,龍潭,41.208,23.625
2024-11-28,龍潭,43.042,49.479
